store_id,platform,has_product_ld,desc_words,own_words,description,reviews,brand,measured_fields,missing_fields
S02c6152233,salla,True,396,452,True,True,False,3,1
S02c6152233,salla,True,347,397,True,True,True,3,0
S02c6152233,salla,True,349,427,True,True,True,3,0
S02c6152233,salla,False,500,714,True,True,False,3,1
S02c6152233,salla,True,391,524,True,True,True,3,0
S76115a4bf5,salla,True,16,260,False,True,True,3,1
S76115a4bf5,salla,True,347,433,True,True,True,3,0
S76115a4bf5,salla,True,361,410,True,True,True,3,0
S76115a4bf5,salla,True,528,648,True,True,True,3,0
S76115a4bf5,salla,True,344,393,True,True,True,3,0
Sb7acab958e,salla,True,292,404,True,True,True,3,0
Sb7acab958e,salla,True,257,356,True,True,True,3,0
Sb7acab958e,salla,True,272,342,True,True,True,3,0
Sb7acab958e,salla,True,178,220,True,True,True,3,0
Sb7acab958e,salla,True,226,315,True,True,True,3,0
S62bd02c461,salla,True,241,415,True,True,True,3,0
Sd80fceb1c5,salla,True,159,253,True,True,False,3,1
Sd80fceb1c5,salla,True,94,181,True,True,False,3,1
Sd80fceb1c5,salla,True,224,324,True,True,False,3,1
Sd80fceb1c5,salla,True,116,178,True,True,False,3,1
Sd80fceb1c5,salla,True,72,132,True,True,False,3,1
S09459d2066,salla,True,300,452,True,True,False,3,1
S09459d2066,salla,False,981,1420,True,True,False,3,1
S09459d2066,salla,True,356,579,True,True,False,3,1
S09459d2066,salla,True,298,494,True,True,False,3,1
S09459d2066,salla,True,147,209,True,True,True,3,0
Se3ac656656,salla,True,160,289,True,True,True,3,0
Se3ac656656,salla,False,18,23,False,True,False,3,2
Se3ac656656,salla,True,293,581,True,True,True,3,0
Se3ac656656,salla,False,16,17,False,True,False,3,2
Se3ac656656,salla,False,16,17,False,True,False,3,2
S07d51f6f7c,salla,True,221,388,True,True,True,3,0
S07d51f6f7c,salla,True,172,341,True,True,False,3,1
S07d51f6f7c,salla,False,126,304,True,True,False,3,1
S07d51f6f7c,salla,False,126,304,True,True,False,3,1
S07d51f6f7c,salla,True,237,364,True,True,False,3,1
Sce233b0ed7,salla,False,400,453,True,True,False,3,1
Sce233b0ed7,salla,True,105,126,True,True,False,3,1
Sce233b0ed7,salla,True,128,173,True,True,False,3,1
Sce233b0ed7,salla,True,21,122,False,True,False,3,2
Sce233b0ed7,salla,False,400,453,True,True,False,3,1
Sd442357d65,salla,True,183,244,True,True,False,3,1
Sd442357d65,salla,True,461,582,True,True,True,3,0
S06f58b8c11,salla,True,140,170,True,True,False,3,1
S06f58b8c11,salla,False,1167,1398,True,True,True,3,0
S06f58b8c11,salla,True,291,389,True,True,False,3,1
S06f58b8c11,salla,True,288,311,True,True,False,3,1
S06f58b8c11,salla,False,1167,1398,True,True,True,3,0
S1120eb6044,salla,True,316,456,True,True,True,3,0
S1120eb6044,salla,True,434,634,True,True,True,3,0
S3258966469,salla,False,258,595,True,True,False,3,1
S3258966469,salla,True,296,332,True,True,False,3,1
S3258966469,salla,True,353,447,True,True,False,3,1
S3258966469,salla,True,209,244,True,True,False,3,1
S3258966469,salla,False,258,595,True,True,False,3,1
S140e15dec8,salla,False,0,0,False,True,False,3,2
S140e15dec8,salla,False,0,0,False,True,False,3,2
S140e15dec8,salla,False,0,0,False,True,False,3,2
S140e15dec8,salla,True,341,626,True,True,True,3,0
S140e15dec8,salla,False,0,0,False,True,False,3,2
Se24924cd48,salla,True,55,81,True,True,False,3,1
Se24924cd48,salla,True,11,85,False,True,False,3,2
Se24924cd48,salla,True,10,194,False,True,False,3,2
Se24924cd48,salla,True,7,62,False,True,False,3,2
Se24924cd48,salla,True,149,191,True,True,False,3,1
Sfdad978afb,salla,True,238,254,True,True,True,3,0
Sfdad978afb,salla,True,240,249,True,True,True,3,0
Sfdad978afb,salla,True,321,335,True,True,True,3,0
Sfdad978afb,salla,True,47,57,True,True,True,3,0
Sfdad978afb,salla,True,174,187,True,True,True,3,0
S0c12642b6f,salla,True,425,473,True,True,True,3,0
S0c12642b6f,salla,True,419,457,True,True,True,3,0
S5a31c6c376,salla,True,295,353,True,True,True,3,0
S5a31c6c376,salla,True,283,335,True,True,True,3,0
S5a31c6c376,salla,True,347,417,True,True,True,3,0
S5a31c6c376,salla,True,264,338,True,True,True,3,0
S5a31c6c376,salla,True,424,463,True,True,True,3,0
S9198eb91ce,salla,True,298,387,True,True,False,3,1
S9198eb91ce,salla,True,417,480,True,True,False,3,1
S52235074ac,salla,False,265,353,True,True,False,3,1
S52235074ac,salla,True,75,96,True,True,False,3,1
S52235074ac,salla,False,265,353,True,True,False,3,1
S52235074ac,salla,True,81,121,True,True,False,3,1
S52235074ac,salla,True,65,68,True,True,False,3,1
Sb56db10d10,salla,True,307,319,True,True,False,3,1
Sb56db10d10,salla,True,194,217,True,True,False,3,1
Sb56db10d10,salla,True,194,224,True,True,True,3,0
Sb56db10d10,salla,True,199,230,True,True,True,3,0
Sb56db10d10,salla,True,198,215,True,True,False,3,1
S4fda2754bc,salla,True,584,608,True,True,False,3,1
S4fda2754bc,salla,True,762,810,True,True,False,3,1
S4fda2754bc,salla,True,749,775,True,True,False,3,1
S4fda2754bc,salla,True,608,635,True,True,True,3,0
S4fda2754bc,salla,True,633,670,True,True,True,3,0
S32015baaf8,salla,True,314,420,True,True,True,3,0
S32015baaf8,salla,True,355,441,True,True,True,3,0
S32015baaf8,salla,False,1020,1703,True,True,False,3,1
S32015baaf8,salla,True,334,411,True,True,False,3,1
S32015baaf8,salla,True,20,147,False,True,False,3,2
Se7a5bcf86f,salla,True,111,118,True,True,False,3,1
Se7a5bcf86f,salla,True,456,532,True,True,True,3,0
Se7a5bcf86f,salla,True,116,139,True,True,False,3,1
Se7a5bcf86f,salla,True,114,126,True,True,False,3,1
Se7a5bcf86f,salla,True,118,137,True,True,False,3,1
S63cc5f78b0,salla,True,19,204,False,True,False,3,2
S63cc5f78b0,salla,True,300,371,True,True,False,3,1
S63cc5f78b0,salla,True,441,583,True,True,False,3,1
S63cc5f78b0,salla,True,189,302,True,True,False,3,1
S63cc5f78b0,salla,True,216,270,True,True,False,3,1
S34b9137db9,salla,True,429,520,True,True,False,3,1
S34b9137db9,salla,False,343,640,True,True,False,3,1
S34b9137db9,salla,True,832,859,True,True,False,3,1
S34b9137db9,salla,True,860,931,True,True,False,3,1
S34b9137db9,salla,True,939,959,True,True,False,3,1
Sa01881dc0b,salla,True,26,0,False,True,True,3,1
Sa01881dc0b,salla,True,26,0,False,True,True,3,1
Sa01881dc0b,salla,True,26,0,False,True,True,3,1
Sa01881dc0b,salla,True,298,382,True,True,False,3,1
Sa01881dc0b,salla,True,26,0,False,True,True,3,1
S57afb8ad21,salla,True,439,459,True,True,False,3,1
S57afb8ad21,salla,True,458,485,True,True,False,3,1
S57afb8ad21,salla,True,500,511,True,True,False,3,1
S57afb8ad21,salla,True,486,490,True,True,False,3,1
S57afb8ad21,salla,True,351,359,True,True,False,3,1
S8a1551599e,salla,True,291,350,True,True,False,3,1
S8a1551599e,salla,True,205,329,True,True,False,3,1
S8a1551599e,salla,True,78,101,True,True,False,3,1
S8a1551599e,salla,False,419,613,True,True,False,3,1
S8a1551599e,salla,False,419,613,True,True,False,3,1
S4b2005399a,salla,True,203,264,True,True,True,3,0
S4b2005399a,salla,True,215,289,True,True,False,3,1
S4b2005399a,salla,True,106,173,True,True,False,3,1
S4b2005399a,salla,True,88,150,True,True,False,3,1
S4b2005399a,salla,True,277,344,True,True,True,3,0
Sadcc4b8f00,salla,True,201,327,True,True,True,3,0
Sadcc4b8f00,salla,True,174,233,True,True,False,3,1
Sadcc4b8f00,salla,True,22,192,False,True,False,3,2
Sadcc4b8f00,salla,True,211,314,True,True,True,3,0
Sadcc4b8f00,salla,True,245,374,True,True,True,3,0
Scdc8f364c8,salla,True,267,295,True,True,False,3,1
Scdc8f364c8,salla,True,339,479,True,True,False,3,1
Scdc8f364c8,salla,True,331,388,True,True,False,3,1
Scdc8f364c8,salla,True,324,401,True,True,False,3,1
Scdc8f364c8,salla,True,349,397,True,True,False,3,1
S9fd4cfd89d,salla,True,188,393,True,True,True,3,0
S9fd4cfd89d,salla,False,0,0,False,True,False,3,2
S9fd4cfd89d,salla,False,0,0,False,True,False,3,2
S9fd4cfd89d,salla,False,0,0,False,True,False,3,2
S9fd4cfd89d,salla,False,0,0,False,True,False,3,2
S2906a80059,salla,True,218,276,True,True,True,3,0
S2906a80059,salla,True,282,325,True,True,True,3,0
S2906a80059,salla,True,196,270,True,True,True,3,0
S2906a80059,salla,True,230,279,True,True,True,3,0
S5518ab0181,salla,True,10,66,False,True,False,3,2
S5518ab0181,salla,True,18,149,False,True,True,3,1
S5518ab0181,salla,True,14,146,False,True,True,3,1
S5518ab0181,salla,True,16,106,False,True,False,3,2
S5518ab0181,salla,True,7,145,False,True,True,3,1
Se788769022,salla,True,233,286,True,True,True,3,0
Se788769022,salla,True,175,179,True,True,True,3,0
Se788769022,salla,True,154,163,True,True,True,3,0
Se788769022,salla,True,158,189,True,True,True,3,0
Se788769022,salla,True,159,177,True,True,True,3,0
S7a90c7a2f4,salla,False,6687,8149,True,True,False,3,1
S7a90c7a2f4,salla,True,386,446,True,True,False,3,1
S7a90c7a2f4,salla,True,280,321,True,True,True,3,0
S7a90c7a2f4,salla,True,274,313,True,True,False,3,1
S7a90c7a2f4,salla,True,249,288,True,True,False,3,1
S629779cb57,salla,True,101,158,True,True,False,3,1
S629779cb57,salla,True,289,314,True,True,False,3,1
S629779cb57,salla,True,163,248,True,True,False,3,1
S629779cb57,salla,True,213,243,True,True,False,3,1
S629779cb57,salla,True,244,250,True,True,False,3,1
S84258edc64,salla,True,154,195,True,True,False,3,1
S84258edc64,salla,True,296,335,True,True,False,3,1
S84258edc64,salla,True,84,105,True,True,False,3,1
S84258edc64,salla,True,60,96,True,True,False,3,1
S84258edc64,salla,True,32,80,False,True,False,3,2
Sac4b182dd1,salla,True,231,262,True,True,True,3,0
Sac4b182dd1,salla,True,194,238,True,True,True,3,0
Sac4b182dd1,salla,True,228,265,True,True,True,3,0
Sac4b182dd1,salla,True,192,240,True,True,False,3,1
Sac4b182dd1,salla,True,323,402,True,True,True,3,0
S12431407db,salla,True,224,313,True,True,True,3,0
S12431407db,salla,True,121,229,True,True,True,3,0
S12431407db,salla,True,201,276,True,True,False,3,1
S12431407db,salla,True,131,167,True,True,True,3,0
S12431407db,salla,True,3,141,False,True,False,3,2
S0c6479ec82,salla,True,235,257,True,True,False,3,1
S0c6479ec82,salla,True,15,145,False,True,True,3,1
S0c6479ec82,salla,True,217,253,True,True,False,3,1
S0c6479ec82,salla,True,19,138,False,True,True,3,1
S0c6479ec82,salla,True,277,355,True,True,False,3,1
Sea70176fe8,salla,True,191,239,True,True,True,3,0
Sea70176fe8,salla,True,153,188,True,True,False,3,1
Sea70176fe8,salla,True,124,165,True,True,True,3,0
Sea70176fe8,salla,True,353,395,True,True,True,3,0
Sea70176fe8,salla,True,159,207,True,True,False,3,1
S762fb9170a,salla,True,247,283,True,True,False,3,1
S762fb9170a,salla,True,388,487,True,True,True,3,0
S762fb9170a,salla,True,345,440,True,True,False,3,1
S762fb9170a,salla,True,287,318,True,True,False,3,1
S762fb9170a,salla,True,294,320,True,True,False,3,1
Sb91f1aeb03,salla,True,411,447,True,True,False,3,1
Sb91f1aeb03,salla,True,367,404,True,True,False,3,1
Sb91f1aeb03,salla,True,278,304,True,True,True,3,0
Sb91f1aeb03,salla,True,321,354,True,True,False,3,1
Sb91f1aeb03,salla,True,132,194,True,True,False,3,1
S6018ef28df,salla,True,152,169,True,True,False,3,1
S6018ef28df,salla,True,177,186,True,True,True,3,0
S6018ef28df,salla,False,296,404,True,True,False,3,1
S6018ef28df,salla,True,181,192,True,True,True,3,0
S6018ef28df,salla,True,161,173,True,True,True,3,0
S1804bacc84,salla,True,138,163,True,True,False,3,1
S1804bacc84,salla,True,208,242,True,True,True,3,0
S1804bacc84,salla,True,202,220,True,True,True,3,0
S1804bacc84,salla,True,212,253,True,True,False,3,1
S1804bacc84,salla,True,132,150,True,True,True,3,0
Sbf685f6ec2,salla,True,4,164,False,True,True,3,1
Sbf685f6ec2,salla,True,4,26,False,True,True,3,1
Sbf685f6ec2,salla,True,15,198,False,True,True,3,1
Sbf685f6ec2,salla,True,13,18,False,True,True,3,1
Sbf685f6ec2,salla,True,129,151,True,True,True,3,0
Secbbe1fd85,salla,True,374,424,True,True,False,3,1
Secbbe1fd85,salla,True,508,609,True,True,False,3,1
Secbbe1fd85,salla,True,453,504,True,True,False,3,1
Secbbe1fd85,salla,True,256,289,True,True,False,3,1
Secbbe1fd85,salla,True,412,449,True,True,False,3,1
Scdcf663cc1,salla,True,358,410,True,True,True,3,0
Scdcf663cc1,salla,True,448,496,True,True,True,3,0
Scdcf663cc1,salla,True,22,130,False,True,True,3,1
Scdcf663cc1,salla,True,26,232,False,True,True,3,1
Scdcf663cc1,salla,True,297,363,True,True,True,3,0
Sbc3c1dcba2,salla,True,580,738,True,True,True,3,0
Sbc3c1dcba2,salla,True,337,368,True,True,False,3,1
Sbc3c1dcba2,salla,True,165,190,True,True,False,3,1
Sbc3c1dcba2,salla,True,179,199,True,True,True,3,0
Sbc3c1dcba2,salla,True,509,645,True,True,False,3,1
S6914188815,salla,True,423,527,True,True,True,3,0
S6914188815,salla,True,496,603,True,True,False,3,1
S6914188815,salla,True,778,881,True,True,True,3,0
S6914188815,salla,True,499,681,True,True,True,3,0
S6914188815,salla,True,383,486,True,True,True,3,0
S42de0800a6,salla,True,28,151,False,True,False,3,2
S42de0800a6,salla,True,439,565,True,True,False,3,1
S42de0800a6,salla,True,356,445,True,True,False,3,1
S42de0800a6,salla,True,87,175,True,True,False,3,1
S42de0800a6,salla,True,3,150,False,True,False,3,2
Sc07762f0f1,salla,True,79,90,True,True,False,3,1
Sc07762f0f1,salla,True,65,66,True,True,False,3,1
Sc07762f0f1,salla,True,60,77,True,True,False,3,1
Sc07762f0f1,salla,True,57,69,True,True,False,3,1
Sc07762f0f1,salla,True,15,21,False,True,False,3,2
S455a6f5306,salla,True,29,40,False,True,False,3,2
S455a6f5306,salla,True,12,21,False,True,False,3,2
S455a6f5306,salla,True,28,98,False,True,False,3,2
S455a6f5306,salla,True,28,107,False,True,False,3,2
S455a6f5306,salla,True,25,43,False,True,False,3,2
S05c7d623aa,salla,True,367,454,True,True,True,3,0
S05c7d623aa,salla,True,26,356,False,True,True,3,1
S05c7d623aa,salla,True,308,413,True,True,True,3,0
S05c7d623aa,salla,True,421,575,True,True,True,3,0
S05c7d623aa,salla,True,327,452,True,True,False,3,1
S365d3bf4c7,salla,True,38,73,False,True,False,3,2
S365d3bf4c7,salla,True,28,36,False,True,False,3,2
S365d3bf4c7,salla,True,50,63,True,True,False,3,1
S365d3bf4c7,salla,True,64,75,True,True,False,3,1
S365d3bf4c7,salla,True,24,69,False,True,False,3,2
Sa2882130e1,salla,True,14,32,False,True,False,3,2
Sa2882130e1,salla,True,21,54,False,True,False,3,2
Sa2882130e1,salla,True,29,103,False,True,False,3,2
Sa2882130e1,salla,True,13,36,False,True,False,3,2
Sa2882130e1,salla,True,11,36,False,True,False,3,2
Sc1a7f86f51,salla,True,43,54,True,True,False,3,1
Sc1a7f86f51,salla,True,95,102,True,True,False,3,1
Sc1a7f86f51,salla,True,120,128,True,True,False,3,1
Sc1a7f86f51,salla,True,72,83,True,True,False,3,1
Sc1a7f86f51,salla,True,78,84,True,True,False,3,1
S3d19178f1c,salla,True,22,27,False,True,False,3,2
S3d19178f1c,salla,True,4,59,False,True,False,3,2
S3d19178f1c,salla,True,4,9,False,True,False,3,2
S3d19178f1c,salla,True,42,119,True,True,False,3,1
S3d19178f1c,salla,True,6,13,False,True,False,3,2
S58cbf1a11c,salla,True,14,22,False,True,False,3,2
S58cbf1a11c,salla,True,0,25,False,True,False,3,2
S58cbf1a11c,salla,True,0,37,False,True,False,3,2
S58cbf1a11c,salla,True,13,45,False,True,False,3,2
S58cbf1a11c,salla,True,20,26,False,True,False,3,2
Sac35a5d43a,salla,True,19,135,False,True,False,3,2
Sac35a5d43a,salla,True,101,128,True,True,False,3,1
Sac35a5d43a,salla,True,11,76,False,True,False,3,2
Sac35a5d43a,salla,True,12,82,False,True,False,3,2
Sac35a5d43a,salla,True,14,82,False,True,False,3,2
S99f22022c7,salla,True,25,297,False,True,False,3,2
S99f22022c7,salla,True,26,236,False,True,False,3,2
S99f22022c7,salla,False,1388,1735,True,True,False,3,1
S99f22022c7,salla,True,400,550,True,True,False,3,1
S99f22022c7,salla,True,343,385,True,True,False,3,1
S38abef3e18,salla,True,6,105,False,True,True,3,1
S38abef3e18,salla,True,198,283,True,True,True,3,0
S38abef3e18,salla,True,16,132,False,True,True,3,1
S38abef3e18,salla,True,14,118,False,True,False,3,2
S38abef3e18,salla,True,12,107,False,True,False,3,2
Sb38bdf33d8,salla,True,6,13,False,True,False,3,2
Sb38bdf33d8,salla,True,7,38,False,True,False,3,2
Sb38bdf33d8,salla,True,9,80,False,True,False,3,2
Sb38bdf33d8,salla,True,8,45,False,True,False,3,2
Sb38bdf33d8,salla,True,8,13,False,True,False,3,2
S7443e62ae3,salla,True,237,257,True,True,False,3,1
S7443e62ae3,salla,True,12,21,False,True,False,3,2
S7443e62ae3,salla,True,17,26,False,True,False,3,2
S7443e62ae3,salla,True,20,32,False,True,False,3,2
S7443e62ae3,salla,True,226,268,True,True,False,3,1
Scc4971f9d1,salla,True,10,63,False,True,False,3,2
Scc4971f9d1,salla,True,14,132,False,True,False,3,2
Scc4971f9d1,salla,True,13,47,False,True,False,3,2
Scc4971f9d1,salla,True,10,56,False,True,False,3,2
Scc4971f9d1,salla,True,18,85,False,True,False,3,2
Se5319ff45c,salla,True,97,108,True,True,False,3,1
Se5319ff45c,salla,True,8,17,False,True,False,3,2
Se5319ff45c,salla,True,131,187,True,True,False,3,1
Se5319ff45c,salla,True,39,44,False,True,False,3,2
Se5319ff45c,salla,True,16,66,False,True,False,3,2
Sf3987c09d8,salla,True,19,113,False,True,False,3,2
Sf3987c09d8,salla,True,20,95,False,True,False,3,2
Sf3987c09d8,salla,True,18,114,False,True,False,3,2
Sf3987c09d8,salla,True,16,31,False,True,False,3,2
Sf3987c09d8,salla,True,17,145,False,True,False,3,2
S94c78323cc,salla,True,0,8,False,True,False,3,2
S94c78323cc,salla,True,5,10,False,True,False,3,2
S94c78323cc,salla,True,111,146,True,True,False,3,1
S94c78323cc,salla,True,116,148,True,True,False,3,1
S94c78323cc,salla,True,27,74,False,True,False,3,2
S9ff6b70706,salla,True,212,302,True,True,False,3,1
S9ff6b70706,salla,True,241,335,True,True,True,3,0
S9ff6b70706,salla,True,186,278,True,True,False,3,1
S9ff6b70706,salla,False,192,306,True,True,False,3,1
S2912f2512d,salla,True,30,95,False,True,False,3,2
S2912f2512d,salla,True,14,15,False,True,False,3,2
S2912f2512d,salla,True,32,282,False,True,True,3,1
S2912f2512d,salla,True,20,21,False,True,False,3,2
S2912f2512d,salla,True,160,309,True,True,True,3,0
S7c410cdac4,salla,True,282,372,True,True,True,3,0
S7c410cdac4,salla,True,181,309,True,True,True,3,0
S7c410cdac4,salla,True,371,503,True,True,True,3,0
S7c410cdac4,salla,True,330,457,True,True,True,3,0
S7c410cdac4,salla,True,249,318,True,True,True,3,0
S438f67577f,salla,True,20,36,False,True,False,3,2
S438f67577f,salla,True,59,64,True,True,False,3,1
S438f67577f,salla,True,13,31,False,True,False,3,2
S438f67577f,salla,True,27,29,False,True,False,3,2
S438f67577f,salla,True,21,24,False,True,False,3,2
S781cebae49,salla,True,107,143,True,True,False,3,1
S781cebae49,salla,True,23,73,False,True,False,3,2
S781cebae49,salla,True,14,113,False,True,False,3,2
S781cebae49,salla,True,102,121,True,True,False,3,1
S781cebae49,salla,True,312,370,True,True,False,3,1
S93b82dafc0,salla,True,13,26,False,True,False,3,2
S93b82dafc0,salla,True,11,39,False,True,False,3,2
S93b82dafc0,salla,True,57,78,True,True,False,3,1
S93b82dafc0,salla,True,11,25,False,True,False,3,2
S93b82dafc0,salla,True,0,12,False,True,False,3,2
S9b1ef1ce27,salla,True,145,164,True,True,True,3,0
S9b1ef1ce27,salla,True,441,469,True,True,False,3,1
S9b1ef1ce27,salla,True,186,226,True,True,False,3,1
S9b1ef1ce27,salla,True,79,111,True,True,False,3,1
S9b1ef1ce27,salla,True,97,125,True,True,False,3,1
S77a76f0380,salla,True,140,173,True,True,False,3,1
S77a76f0380,salla,True,154,204,True,True,True,3,0
S77a76f0380,salla,True,81,120,True,True,False,3,1
S77a76f0380,salla,True,43,48,True,True,False,3,1
S77a76f0380,salla,True,97,133,True,True,False,3,1
Se24e050df6,salla,True,11,47,False,True,False,3,2
Se24e050df6,salla,True,11,8,False,True,False,3,2
Se24e050df6,salla,True,19,77,False,True,False,3,2
Se24e050df6,salla,True,11,8,False,True,False,3,2
Se24e050df6,salla,True,11,49,False,True,False,3,2
S1be55f5a95,salla,True,23,32,False,True,False,3,2
S1be55f5a95,salla,True,83,110,True,True,False,3,1
S1be55f5a95,salla,True,156,190,True,True,True,3,0
S1be55f5a95,salla,True,102,116,True,True,False,3,1
S1be55f5a95,salla,True,141,259,True,True,True,3,0
Sa78f7f4bff,salla,True,281,349,True,True,False,3,1
Sa78f7f4bff,salla,True,69,124,True,True,False,3,1
Sa78f7f4bff,salla,True,50,100,True,True,False,3,1
Sa78f7f4bff,salla,True,37,91,False,True,False,3,2
Sa78f7f4bff,salla,True,157,217,True,True,False,3,1
S468bc9f9b4,salla,True,7,19,False,True,False,3,2
S468bc9f9b4,salla,True,13,24,False,True,False,3,2
S468bc9f9b4,salla,True,7,17,False,True,False,3,2
S468bc9f9b4,salla,True,13,19,False,True,False,3,2
S468bc9f9b4,salla,True,6,56,False,True,False,3,2
Se50750a256,salla,True,90,269,True,True,False,3,1
Scae9c21d54,salla,True,6,13,False,True,False,3,2
Scae9c21d54,salla,True,11,24,False,True,False,3,2
Scae9c21d54,salla,True,13,44,False,True,False,3,2
Scae9c21d54,salla,True,11,23,False,True,False,3,2
Scae9c21d54,salla,True,13,91,False,True,False,3,2
S413ae13760,salla,True,302,372,True,True,True,3,0
S413ae13760,salla,True,343,460,True,True,True,3,0
S413ae13760,salla,True,329,474,True,True,True,3,0
S413ae13760,salla,True,345,445,True,True,True,3,0
S413ae13760,salla,True,163,216,True,True,True,3,0
S238486fb09,salla,True,4,20,False,True,False,3,2
S238486fb09,salla,True,4,22,False,True,False,3,2
S238486fb09,salla,True,4,97,False,True,False,3,2
S238486fb09,salla,True,4,18,False,True,False,3,2
S238486fb09,salla,True,4,94,False,True,False,3,2
S727c5b0a3f,salla,True,72,72,True,True,False,3,1
S727c5b0a3f,salla,True,141,199,True,True,False,3,1
S727c5b0a3f,salla,True,165,272,True,True,True,3,0
S727c5b0a3f,salla,True,103,117,True,True,True,3,0
S727c5b0a3f,salla,True,126,141,True,True,False,3,1
Sf4c5096030,salla,True,146,219,True,True,False,3,1
Sf4c5096030,salla,True,130,168,True,True,False,3,1
Sf4c5096030,salla,True,105,151,True,True,False,3,1
Sf4c5096030,salla,True,117,148,True,True,False,3,1
Sf4c5096030,salla,True,103,145,True,True,False,3,1
Sde11adc5fb,salla,True,14,57,False,True,False,3,2
Sde11adc5fb,salla,True,101,125,True,True,False,3,1
Sde11adc5fb,salla,True,122,131,True,True,False,3,1
Sde11adc5fb,salla,True,90,111,True,True,False,3,1
Sde11adc5fb,salla,True,91,99,True,True,False,3,1
S076c04c21a,salla,True,91,143,True,True,False,3,1
S076c04c21a,salla,True,80,137,True,True,False,3,1
S076c04c21a,salla,True,95,142,True,True,False,3,1
S076c04c21a,salla,True,10,266,False,True,False,3,2
S076c04c21a,salla,True,11,104,False,True,False,3,2
S70d2c0d122,salla,True,15,19,False,True,False,3,2
S70d2c0d122,salla,True,15,23,False,True,False,3,2
S70d2c0d122,salla,True,15,19,False,True,False,3,2
S70d2c0d122,salla,True,225,361,True,True,False,3,1
S70d2c0d122,salla,True,28,53,False,True,False,3,2
S605a4d5f84,salla,True,834,1047,True,True,True,3,0
S605a4d5f84,salla,True,612,703,True,True,True,3,0
S605a4d5f84,salla,False,405,592,True,True,False,3,1
S605a4d5f84,salla,True,569,644,True,True,True,3,0
S9ab148e6dc,salla,True,79,164,True,True,False,3,1
S9ab148e6dc,salla,True,135,150,True,True,False,3,1
S9ab148e6dc,salla,True,524,590,True,True,False,3,1
S9ab148e6dc,salla,True,73,102,True,True,False,3,1
S9ab148e6dc,salla,True,136,163,True,True,False,3,1
S96d616c4c6,salla,True,9,9,False,True,True,3,1
S96d616c4c6,salla,True,9,29,False,True,True,3,1
S96d616c4c6,salla,True,8,65,False,True,True,3,1
S96d616c4c6,salla,True,154,427,True,True,True,3,0
S96d616c4c6,salla,True,27,220,False,True,True,3,1
Sf623e830b3,salla,True,12,16,False,True,False,3,2
Sf623e830b3,salla,True,15,19,False,True,False,3,2
Sf623e830b3,salla,True,19,34,False,True,False,3,2
Sf623e830b3,salla,True,10,27,False,True,False,3,2
S4307649d8b,salla,True,7,16,False,True,False,3,2
S4307649d8b,salla,True,8,23,False,True,False,3,2
S4307649d8b,salla,True,17,28,False,True,False,3,2
S4307649d8b,salla,True,14,32,False,True,False,3,2
S4307649d8b,salla,True,66,101,True,True,False,3,1
Sa87c882734,salla,True,0,14,False,True,False,3,2
Sa87c882734,salla,True,75,156,True,True,False,3,1
Sa87c882734,salla,True,0,16,False,True,False,3,2
Sa87c882734,salla,True,0,25,False,True,False,3,2
Sa87c882734,salla,True,0,22,False,True,False,3,2
S64db49968a,salla,True,132,179,True,True,False,3,1
S64db49968a,salla,True,167,222,True,True,False,3,1
S64db49968a,salla,True,125,175,True,True,False,3,1
S64db49968a,salla,True,163,230,True,True,False,3,1
S64db49968a,salla,True,132,180,True,True,False,3,1
S087b91aeeb,salla,True,64,196,True,True,False,3,1
S087b91aeeb,salla,True,13,17,False,True,False,3,2
S087b91aeeb,salla,True,19,32,False,True,False,3,2
S087b91aeeb,salla,True,0,17,False,True,False,3,2
S087b91aeeb,salla,True,19,32,False,True,False,3,2
S1166cfd322,salla,True,154,189,True,True,False,3,1
S1166cfd322,salla,True,10,31,False,True,False,3,2
S1166cfd322,salla,True,17,54,False,True,False,3,2
S1166cfd322,salla,True,37,52,False,True,False,3,2
S1166cfd322,salla,True,7,26,False,True,False,3,2
S5d33fc360f,salla,True,108,200,True,True,False,3,1
S5d33fc360f,salla,True,85,139,True,True,False,3,1
S5d33fc360f,salla,True,114,207,True,True,False,3,1
S5d33fc360f,salla,True,52,109,True,True,False,3,1
S5d33fc360f,salla,True,102,133,True,True,False,3,1
S94d6e87837,salla,True,9,87,False,True,False,3,2
S94d6e87837,salla,True,9,84,False,True,False,3,2
S94d6e87837,salla,True,9,13,False,True,False,3,2
S94d6e87837,salla,True,0,13,False,True,False,3,2
S94d6e87837,salla,True,9,13,False,True,False,3,2
S10c4149508,salla,True,37,50,False,True,False,3,2
S10c4149508,salla,True,7,17,False,True,False,3,2
S10c4149508,salla,True,19,55,False,True,False,3,2
S10c4149508,salla,True,22,190,False,True,False,3,2
S10c4149508,salla,True,252,353,True,True,False,3,1
Sd8244e7f75,salla,True,124,162,True,True,False,3,1
Sd8244e7f75,salla,True,22,169,False,True,False,3,2
Sd8244e7f75,salla,True,241,301,True,True,False,3,1
Sd8244e7f75,salla,True,238,283,True,True,False,3,1
Sd8244e7f75,salla,True,10,29,False,True,False,3,2
S8d6229390e,salla,True,11,17,False,True,False,3,2
S8d6229390e,salla,True,11,17,False,True,False,3,2
S8d6229390e,salla,True,5,13,False,True,False,3,2
S8d6229390e,salla,True,15,21,False,True,False,3,2
S8d6229390e,salla,True,49,55,True,True,False,3,1
Sa6077bd38e,salla,True,7,25,False,True,False,3,2
Sa6077bd38e,salla,True,0,17,False,True,False,3,2
Sa6077bd38e,salla,True,0,11,False,True,False,3,2
Sa6077bd38e,salla,True,0,11,False,True,False,3,2
Sa6077bd38e,salla,True,0,13,False,True,False,3,2
S0fb0ddfcc4,salla,True,32,72,False,True,False,3,2
S0fb0ddfcc4,salla,True,6,24,False,True,False,3,2
S0fb0ddfcc4,salla,True,18,30,False,True,False,3,2
S0fb0ddfcc4,salla,True,42,172,True,True,False,3,1
S0fb0ddfcc4,salla,True,104,122,True,True,False,3,1
S451666b96d,salla,True,119,165,True,True,False,3,1
S451666b96d,salla,True,35,42,False,True,False,3,2
S451666b96d,salla,True,116,165,True,True,False,3,1
S451666b96d,salla,True,120,166,True,True,False,3,1
S451666b96d,salla,True,120,160,True,True,False,3,1
Sc65665e549,salla,True,242,324,True,True,False,3,1
Sc65665e549,salla,True,98,143,True,True,False,3,1
Sc65665e549,salla,True,101,146,True,True,False,3,1
Sc65665e549,salla,True,52,66,True,True,True,3,0
Sc65665e549,salla,True,109,183,True,True,True,3,0
S4e2ed4b683,salla,True,15,30,False,True,False,3,2
S4e2ed4b683,salla,True,7,92,False,True,False,3,2
S4e2ed4b683,salla,True,5,11,False,True,False,3,2
S4e2ed4b683,salla,True,5,7,False,True,False,3,2
S4e2ed4b683,salla,True,27,37,False,True,False,3,2
S187a8b5ddc,salla,True,8,16,False,True,False,3,2
S187a8b5ddc,salla,True,8,12,False,True,False,3,2
S187a8b5ddc,salla,True,14,24,False,True,False,3,2
S187a8b5ddc,salla,True,10,14,False,True,False,3,2
S187a8b5ddc,salla,True,10,18,False,True,False,3,2
Sd420ebacec,salla,True,14,104,False,True,False,3,2
Sd420ebacec,salla,True,0,19,False,True,False,3,2
Sd420ebacec,salla,True,104,121,True,True,False,3,1
Sd420ebacec,salla,True,0,11,False,True,False,3,2
Sd420ebacec,salla,True,165,252,True,True,False,3,1
Sfac56dc048,salla,True,34,39,False,True,False,3,2
Sfac56dc048,salla,True,34,39,False,True,False,3,2
Sfac56dc048,salla,True,37,41,False,True,False,3,2
Sfac56dc048,salla,True,28,35,False,True,False,3,2
Sfac56dc048,salla,True,31,36,False,True,False,3,2
Sdd7a1d9fa8,salla,True,124,127,True,True,False,3,1
Sdd7a1d9fa8,salla,True,51,66,True,True,False,3,1
Sdd7a1d9fa8,salla,True,37,40,False,True,False,3,2
Sdd7a1d9fa8,salla,True,88,92,True,True,False,3,1
Sdd7a1d9fa8,salla,True,93,98,True,True,False,3,1
S65f34a9d5a,salla,True,102,199,True,True,False,3,1
S65f34a9d5a,salla,True,11,167,False,True,False,3,2
S65f34a9d5a,salla,True,224,328,True,True,False,3,1
S65f34a9d5a,salla,True,15,155,False,True,True,3,1
S2617f198eb,salla,True,31,39,False,True,False,3,2
S2617f198eb,salla,True,586,713,True,True,True,3,0
S2617f198eb,salla,True,125,209,True,True,True,3,0
S2617f198eb,salla,True,429,465,True,True,True,3,0
S2617f198eb,salla,True,55,63,True,True,False,3,1
S77720ab887,salla,True,514,591,True,True,True,3,0
S77720ab887,salla,True,416,437,True,True,True,3,0
S77720ab887,salla,True,120,138,True,True,False,3,1
S77720ab887,salla,True,3,68,False,True,False,3,2
S77720ab887,salla,True,11,73,False,True,False,3,2
S9486ed2f3c,salla,True,168,203,True,True,False,3,1
S9486ed2f3c,salla,True,163,193,True,True,False,3,1
S9486ed2f3c,salla,True,181,241,True,True,False,3,1
S9486ed2f3c,salla,True,107,137,True,True,False,3,1
S9486ed2f3c,salla,True,122,178,True,True,False,3,1
S99da7477b1,salla,True,25,292,False,True,True,3,1
S99da7477b1,salla,True,8,26,False,True,False,3,2
S99da7477b1,salla,True,16,36,False,True,True,3,1
S99da7477b1,salla,True,12,218,False,True,False,3,2
S99da7477b1,salla,True,16,35,False,True,True,3,1
Sa51596783e,salla,True,262,287,True,True,True,3,0
Sa51596783e,salla,True,286,309,True,True,True,3,0
Sa51596783e,salla,True,541,608,True,True,True,3,0
Sa51596783e,salla,True,268,299,True,True,True,3,0
Sa51596783e,salla,True,273,294,True,True,True,3,0
S67818a40d8,salla,True,35,77,False,True,False,3,2
S67818a40d8,salla,True,30,67,False,True,False,3,2
S67818a40d8,salla,True,0,92,False,True,False,3,2
S67818a40d8,salla,True,16,215,False,True,False,3,2
S67818a40d8,salla,True,0,118,False,True,False,3,2
S37144a82ce,salla,True,5,14,False,True,False,3,2
S37144a82ce,salla,True,5,14,False,True,False,3,2
S37144a82ce,salla,True,0,8,False,True,False,3,2
S37144a82ce,salla,True,4,12,False,True,False,3,2
S37144a82ce,salla,True,4,12,False,True,False,3,2
Sdb54ae60ae,salla,True,176,184,True,True,False,3,1
Sdb54ae60ae,salla,True,324,356,True,True,False,3,1
Sdb54ae60ae,salla,True,120,130,True,True,False,3,1
Sdb54ae60ae,salla,True,8,136,False,True,False,3,2
Sdb54ae60ae,salla,True,150,176,True,True,True,3,0
Sde06539573,salla,True,208,250,True,True,False,3,1
Sde06539573,salla,True,99,119,True,True,False,3,1
Sde06539573,salla,True,162,208,True,True,False,3,1
Sde06539573,salla,True,57,126,True,True,False,3,1
Sde06539573,salla,True,121,174,True,True,False,3,1
S849e80ecdf,salla,True,68,93,True,True,False,3,1
S849e80ecdf,salla,True,130,162,True,True,False,3,1
S849e80ecdf,salla,True,80,98,True,True,False,3,1
S849e80ecdf,salla,True,44,85,True,True,False,3,1
S849e80ecdf,salla,True,136,171,True,True,False,3,1
S8d195c6703,salla,True,82,101,True,True,True,3,0
S8d195c6703,salla,True,6,15,False,True,True,3,1
S8d195c6703,salla,True,6,15,False,True,True,3,1
S46a498ce7e,shopify,True,43,87,True,False,True,3,1
S46a498ce7e,shopify,False,51,60,True,False,False,3,2
S46a498ce7e,shopify,False,46,55,True,False,False,3,2
S46a498ce7e,shopify,False,43,101,True,False,False,3,2
S46a498ce7e,shopify,False,51,61,True,False,False,3,2
Scafcfac1a4,shopify,True,40,156,True,False,True,3,1
Scafcfac1a4,shopify,True,38,163,False,False,True,3,2
Scafcfac1a4,shopify,True,36,191,False,False,True,3,2
Scafcfac1a4,shopify,True,41,187,True,False,True,3,1
Scafcfac1a4,shopify,True,40,176,True,False,True,3,1
S7ebc9683f4,shopify,True,0,481,False,True,True,3,1
S7ebc9683f4,shopify,True,43,446,True,False,True,3,1
S7ebc9683f4,shopify,True,4,2028,False,False,True,3,2
S7ebc9683f4,shopify,True,0,2279,False,False,True,3,2
S7ebc9683f4,shopify,True,49,854,True,False,True,3,1
S330b6c7056,shopify,False,387,486,True,False,False,3,2
S330b6c7056,shopify,False,190,220,True,False,False,3,2
S330b6c7056,shopify,True,114,233,True,False,True,3,1
S330b6c7056,shopify,True,139,255,True,False,True,3,1
S330b6c7056,shopify,False,124,233,True,False,False,3,2
S4f1fa548f7,shopify,True,43,218,True,True,True,3,0
S4f1fa548f7,shopify,True,157,333,True,True,True,3,0
S4f1fa548f7,shopify,True,58,219,True,True,True,3,0
S4f1fa548f7,shopify,True,45,241,True,True,True,3,0
S4f1fa548f7,shopify,True,55,266,True,True,True,3,0
Sc7f4319547,shopify,True,26,89,False,False,True,3,2
Sc7f4319547,shopify,True,54,111,True,False,True,3,1
Sc7f4319547,shopify,True,29,155,False,False,True,3,2
Sc7f4319547,shopify,True,44,96,True,False,True,3,1
Sc7f4319547,shopify,True,9,60,False,False,True,3,2
Sc8c4dd2bd9,shopify,True,67,91,True,True,True,3,0
Sc8c4dd2bd9,shopify,True,145,186,True,True,True,3,0
Sc8c4dd2bd9,shopify,True,48,77,True,True,True,3,0
Sc8c4dd2bd9,shopify,True,61,74,True,True,True,3,0
Sd38ba6c74c,shopify,True,26,173,False,True,True,3,1
Sd38ba6c74c,shopify,False,97,417,True,True,False,3,1
Sd38ba6c74c,shopify,True,167,234,True,True,True,3,0
Sd38ba6c74c,shopify,True,813,2009,True,True,True,3,0
Sb9e8dd280d,shopify,True,60,335,True,False,True,3,1
Sb9e8dd280d,shopify,True,263,599,True,False,True,3,1
Sb9e8dd280d,shopify,True,53,302,True,False,True,3,1
Sb9e8dd280d,shopify,True,63,411,True,False,True,3,1
Sb9e8dd280d,shopify,True,105,807,True,False,True,3,1
S6be2e271e9,shopify,False,12,18,False,False,False,3,3
S6be2e271e9,shopify,False,141,165,True,False,False,3,2
S6be2e271e9,shopify,False,0,72,False,False,False,3,3
S6be2e271e9,shopify,False,136,146,True,False,False,3,2
S6be2e271e9,shopify,False,111,128,True,False,False,3,2
S42ab2f01bc,shopify,False,45,65,True,False,False,3,2
S42ab2f01bc,shopify,False,69,101,True,False,False,3,2
S42ab2f01bc,shopify,False,45,52,True,False,False,3,2
S42ab2f01bc,shopify,False,42,68,True,False,False,3,2
S42ab2f01bc,shopify,False,0,16,False,False,False,3,3
S8d78d49620,shopify,False,0,143,False,False,False,3,3
S8d78d49620,shopify,False,0,149,False,False,False,3,3
S8d78d49620,shopify,True,60,150,True,False,True,3,1
S8d78d49620,shopify,False,0,187,False,True,False,3,2
S8d78d49620,shopify,False,0,127,False,False,False,3,3
S3688c8d24c,shopify,False,0,164,False,False,False,3,3
S3688c8d24c,shopify,False,0,116,False,False,False,3,3
S3688c8d24c,shopify,False,0,143,False,False,False,3,3
S3688c8d24c,shopify,True,22,113,False,False,True,3,2
S3688c8d24c,shopify,False,0,259,False,False,False,3,3
Saf7fccfbf6,shopify,True,16,49,False,False,True,3,2
Saf7fccfbf6,shopify,False,0,57,False,False,False,3,3
Saf7fccfbf6,shopify,False,0,98,False,False,False,3,3
Saf7fccfbf6,shopify,False,0,99,False,False,False,3,3
Saf7fccfbf6,shopify,False,0,115,False,False,False,3,3
S400d9de991,shopify,True,43,353,True,False,True,3,1
S400d9de991,shopify,True,43,338,True,False,True,3,1
S400d9de991,shopify,True,48,455,True,False,True,3,1
S400d9de991,shopify,True,36,327,False,False,True,3,2
S400d9de991,shopify,True,18,264,False,False,True,3,2
S8aa350bfc2,shopify,False,37,67,False,True,False,3,2
S8aa350bfc2,shopify,False,27,60,False,True,False,3,2
S8aa350bfc2,shopify,False,24,52,False,True,False,3,2
S8aa350bfc2,shopify,False,27,60,False,True,False,3,2
S8aa350bfc2,shopify,False,24,55,False,True,False,3,2
S9415e3b848,shopify,False,158,185,True,True,False,3,1
S9415e3b848,shopify,False,175,194,True,True,False,3,1
S9415e3b848,shopify,False,175,185,True,True,False,3,1
S9415e3b848,shopify,False,146,157,True,True,False,3,1
S9415e3b848,shopify,False,52,62,True,True,False,3,1
S8211fc7406,shopify,False,146,274,True,False,True,3,1
S8211fc7406,shopify,False,0,57,False,False,False,3,3
S8211fc7406,shopify,False,72,104,True,False,False,3,2
S8211fc7406,shopify,False,66,108,True,False,False,3,2
S8211fc7406,shopify,False,69,95,True,False,False,3,2
S18007a98dc,shopify,True,70,190,True,False,True,3,1
S18007a98dc,shopify,True,83,173,True,False,True,3,1
S18007a98dc,shopify,True,71,158,True,False,True,3,1
S18007a98dc,shopify,True,79,180,True,False,True,3,1
S18007a98dc,shopify,True,86,175,True,False,True,3,1
S2eb5b9868e,shopify,True,32,1221,False,False,True,3,2
S2eb5b9868e,shopify,True,0,55,False,False,True,3,2
S2eb5b9868e,shopify,True,54,527,True,False,True,3,1
S2eb5b9868e,shopify,True,85,1164,True,False,True,3,1
S2eb5b9868e,shopify,True,73,1744,True,False,True,3,1
Sd5ec710493,shopify,True,142,315,True,True,True,3,0
Sd5ec710493,shopify,True,55,235,True,True,True,3,0
Sd5ec710493,shopify,True,92,362,True,True,True,3,0
S1599ec9285,shopify,False,348,357,True,True,True,3,0
S1599ec9285,shopify,False,238,252,True,True,True,3,0
S1599ec9285,shopify,False,224,232,True,True,True,3,0
S1599ec9285,shopify,False,237,255,True,True,True,3,0
S1599ec9285,shopify,False,258,279,True,True,False,3,1
S8741b54feb,shopify,True,44,61,True,False,True,3,1
S8741b54feb,shopify,True,52,36,True,False,True,3,1
S8741b54feb,shopify,True,35,15,False,False,True,3,2
S02072e0d5a,shopify,False,275,278,True,True,True,3,0
S02072e0d5a,shopify,False,226,247,True,True,False,3,1
S02072e0d5a,shopify,False,240,252,True,True,True,3,0
S02072e0d5a,shopify,False,342,351,True,True,False,3,1
S02072e0d5a,shopify,False,241,249,True,True,True,3,0
S8478ed4288,shopify,True,68,518,True,True,False,3,1
S8478ed4288,shopify,True,72,642,True,True,True,3,0
S8478ed4288,shopify,True,165,485,True,True,True,3,0
S8478ed4288,shopify,True,173,451,True,True,True,3,0
S8478ed4288,shopify,True,60,440,True,True,True,3,0
S808d2add63,shopify,False,0,230,False,False,False,3,3
S808d2add63,shopify,False,0,178,False,False,False,3,3
S808d2add63,shopify,True,18,53,False,False,True,3,2
S808d2add63,shopify,False,0,266,False,False,False,3,3
S808d2add63,shopify,False,0,82,False,False,False,3,3
S5caaf9f032,shopify,True,30,150,False,False,True,3,2
S5caaf9f032,shopify,True,25,95,False,False,True,3,2
S5caaf9f032,shopify,True,44,232,True,False,True,3,1
S5caaf9f032,shopify,True,23,120,False,False,True,3,2
Sa6df7de8ad,shopify,True,7,71,False,False,True,3,2
Sa6df7de8ad,shopify,True,52,164,True,False,True,3,1
Sa6df7de8ad,shopify,True,4,65,False,False,True,3,2
Sa6df7de8ad,shopify,True,3,206,False,False,True,3,2
Sa6df7de8ad,shopify,True,4,59,False,False,True,3,2
S399611a25b,shopify,False,0,782,False,True,False,3,2
S399611a25b,shopify,False,0,667,False,True,False,3,2
S399611a25b,shopify,False,0,792,False,True,False,3,2
S399611a25b,shopify,False,0,553,False,True,False,3,2
Sb9387e7973,shopify,True,70,118,True,False,True,3,1
Sb9387e7973,shopify,True,259,312,True,False,True,3,1
Sb9387e7973,shopify,True,273,327,True,True,True,3,0
Sb9387e7973,shopify,True,100,151,True,True,True,3,0
Sb9387e7973,shopify,True,145,194,True,False,True,3,1
S799cfdbe83,shopify,True,241,371,True,False,True,3,1
S799cfdbe83,shopify,True,101,462,True,False,True,3,1
S799cfdbe83,shopify,True,3,183,False,False,True,3,2
S799cfdbe83,shopify,True,106,349,True,False,True,3,1
S799cfdbe83,shopify,True,5,276,False,False,True,3,2
S52c10b97e3,shopify,True,318,700,True,False,True,3,1
S52c10b97e3,shopify,True,60,236,True,False,True,3,1
S52c10b97e3,shopify,True,35,129,False,False,True,3,2
S52c10b97e3,shopify,True,48,130,True,False,True,3,1
S52c10b97e3,shopify,True,125,279,True,False,True,3,1
Sddba5a8152,shopify,True,55,153,True,False,True,3,1
Sddba5a8152,shopify,True,256,321,True,False,True,3,1
Sddba5a8152,shopify,True,114,215,True,False,True,3,1
Sddba5a8152,shopify,True,106,260,True,False,True,3,1
Sddba5a8152,shopify,True,194,233,True,False,True,3,1
S246e0d4355,shopify,True,93,179,True,False,True,3,1
S246e0d4355,shopify,False,0,183,False,False,False,3,3
S246e0d4355,shopify,True,23,106,False,False,True,3,2
S246e0d4355,shopify,True,4,64,False,False,True,3,2
S246e0d4355,shopify,True,45,90,True,False,True,3,1
Sab52a32d66,shopify,True,0,494,False,True,True,3,1
Sab52a32d66,shopify,True,0,443,False,True,True,3,1
Sab52a32d66,shopify,True,0,460,False,True,True,3,1
Sdff928f1db,shopify,True,4,95,False,False,True,3,2
Sdff928f1db,shopify,True,4,321,False,False,True,3,2
Sdff928f1db,shopify,True,4,296,False,False,True,3,2
Sdff928f1db,shopify,True,4,320,False,False,True,3,2
Sdff928f1db,shopify,True,4,393,False,False,True,3,2
S66e8bd93eb,shopify,True,176,356,True,True,True,3,0
S66e8bd93eb,shopify,True,111,452,True,True,True,3,0
S66e8bd93eb,shopify,True,128,596,True,True,True,3,0
S66e8bd93eb,shopify,True,196,553,True,True,True,3,0
Sb1fa9e47ce,shopify,False,0,131,False,False,False,3,3
Sb1fa9e47ce,shopify,False,0,106,False,False,False,3,3
Sb1fa9e47ce,shopify,False,0,156,False,False,False,3,3
Sb1fa9e47ce,shopify,False,0,125,False,False,False,3,3
Sb1fa9e47ce,shopify,False,0,114,False,False,False,3,3
Sd962e04af0,shopify,True,283,403,True,True,True,3,0
Sd962e04af0,shopify,True,266,316,True,True,True,3,0
Sd962e04af0,shopify,True,25,161,False,True,True,3,1
Sd962e04af0,shopify,True,415,572,True,True,True,3,0
Sd962e04af0,shopify,True,258,362,True,True,True,3,0
S2cb2ea4601,shopify,False,0,293,False,False,False,3,3
S2cb2ea4601,shopify,False,13,289,False,False,False,3,3
S2cb2ea4601,shopify,False,0,382,False,False,False,3,3
S2cb2ea4601,shopify,False,0,367,False,False,False,3,3
S2cb2ea4601,shopify,False,13,241,False,False,False,3,3
Saa8a032516,shopify,True,213,282,True,False,True,3,1
Saa8a032516,shopify,True,222,257,True,False,True,3,1
Saa8a032516,shopify,True,146,303,True,False,True,3,1
Saa8a032516,shopify,True,189,230,True,False,True,3,1
S7b03a4e38f,shopify,True,28,617,False,True,True,3,1
S7b03a4e38f,shopify,True,25,561,False,True,True,3,1
S7b03a4e38f,shopify,True,22,428,False,True,True,3,1
S7b03a4e38f,shopify,True,22,808,False,True,True,3,1
S7b03a4e38f,shopify,True,24,385,False,True,True,3,1
S9e0689b890,shopify,True,27,71,False,True,True,3,1
S9e0689b890,shopify,True,70,123,True,True,True,3,0
S9e0689b890,shopify,True,23,523,False,True,True,3,1
S9e0689b890,shopify,True,58,83,True,True,True,3,0
S1fd542b29a,shopify,True,119,327,True,True,True,3,0
S1fd542b29a,shopify,True,106,127,True,True,True,3,0
S1fd542b29a,shopify,True,59,273,True,True,True,3,0
S1fd542b29a,shopify,True,99,314,True,True,True,3,0
S1fd542b29a,shopify,True,173,377,True,True,True,3,0
Seba9b30cef,shopify,True,88,126,True,True,True,3,0
Seba9b30cef,shopify,True,109,206,True,True,True,3,0
Seba9b30cef,shopify,True,51,84,True,True,True,3,0
Seba9b30cef,shopify,True,140,248,True,True,True,3,0
S99dd4a87a7,shopify,False,0,202,False,False,False,3,3
S99dd4a87a7,shopify,False,0,211,False,False,False,3,3
S99dd4a87a7,shopify,False,0,265,False,False,False,3,3
S99dd4a87a7,shopify,False,0,311,False,False,False,3,3
S99dd4a87a7,shopify,False,0,163,False,False,False,3,3
S7fa7885703,shopify,True,117,375,True,False,True,3,1
S7fa7885703,shopify,True,97,332,True,False,True,3,1
S7fa7885703,shopify,True,92,271,True,False,True,3,1
S7fa7885703,shopify,True,96,301,True,False,True,3,1
S7fa7885703,shopify,True,108,312,True,False,True,3,1
Sa652f5c9a3,shopify,True,597,684,True,True,True,3,0
Sa652f5c9a3,shopify,True,289,324,True,True,True,3,0
Sa652f5c9a3,shopify,True,1051,1198,True,True,True,3,0
Sa652f5c9a3,shopify,True,374,421,True,True,True,3,0
S43a7f02ca8,shopify,False,12,16,False,False,False,3,3
S43a7f02ca8,shopify,False,18,22,False,False,False,3,3
S43a7f02ca8,shopify,False,15,19,False,False,False,3,3
S43a7f02ca8,shopify,False,15,19,False,False,False,3,3
S43a7f02ca8,shopify,False,6,14,False,False,False,3,3
Sac06c1034a,shopify,False,0,146,False,False,False,3,3
Sac06c1034a,shopify,False,0,101,False,False,False,3,3
Sac06c1034a,shopify,False,0,124,False,False,False,3,3
Sac06c1034a,shopify,False,0,154,False,False,False,3,3
Sac06c1034a,shopify,False,0,146,False,False,False,3,3
Sb8811b306d,shopify,False,776,915,True,False,False,3,2
Sb8811b306d,shopify,False,760,1011,True,False,False,3,2
Sb8811b306d,shopify,False,1221,1632,True,False,False,3,2
Sb8811b306d,shopify,False,828,1022,True,False,False,3,2
S9538f34eeb,shopify,False,0,191,False,False,False,3,3
S9538f34eeb,shopify,True,63,1253,True,False,True,3,1
S9538f34eeb,shopify,True,6,222,False,False,True,3,2
S9538f34eeb,shopify,True,5,175,False,False,True,3,2
S9538f34eeb,shopify,True,4,206,False,False,True,3,2
S37ffe09486,shopify,True,138,114,True,False,True,3,1
S37ffe09486,shopify,True,232,205,True,False,True,3,1
S37ffe09486,shopify,True,230,197,True,False,True,3,1
S37ffe09486,shopify,True,163,133,True,False,True,3,1
Se6992b426b,shopify,False,152,218,True,True,False,3,1
Se6992b426b,shopify,False,100,183,True,True,False,3,1
Se6992b426b,shopify,True,157,215,True,True,False,3,1
Se6992b426b,shopify,True,117,175,True,True,False,3,1
Se6992b426b,shopify,True,153,221,True,True,False,3,1
S9becd47e58,shopify,True,12,93,False,False,True,3,2
S9becd47e58,shopify,True,14,126,False,False,True,3,2
S9becd47e58,shopify,True,16,106,False,False,True,3,2
S9becd47e58,shopify,True,12,337,False,False,True,3,2
S9becd47e58,shopify,True,6,110,False,False,True,3,2
S128adcdab0,shopify,False,0,101,False,False,False,3,3
S128adcdab0,shopify,False,0,75,False,False,False,3,3
S128adcdab0,shopify,False,0,93,False,False,False,3,3
S128adcdab0,shopify,False,0,111,False,False,False,3,3
S9c7ff7adad,shopify,True,57,85,True,False,True,3,1
S9c7ff7adad,shopify,True,143,211,True,False,True,3,1
S9c7ff7adad,shopify,True,22,461,False,False,True,3,2
S9c7ff7adad,shopify,True,57,101,True,False,True,3,1
S9c7ff7adad,shopify,True,57,87,True,False,True,3,1
S601efaf582,shopify,True,142,258,True,False,True,3,1
S601efaf582,shopify,True,154,282,True,True,True,3,0
S601efaf582,shopify,True,43,162,True,True,True,3,0
S601efaf582,shopify,True,122,247,True,True,True,3,0
S601efaf582,shopify,True,129,233,True,True,True,3,0
S9b9ea2479b,shopify,True,81,232,True,True,True,3,0
S9b9ea2479b,shopify,True,67,229,True,True,True,3,0
S9b9ea2479b,shopify,True,90,321,True,True,True,3,0
S9b9ea2479b,shopify,True,78,378,True,False,True,3,1
S9b9ea2479b,shopify,True,87,351,True,False,True,3,1
Sac1647c861,shopify,False,0,126,False,False,False,3,3
Sac1647c861,shopify,False,0,117,False,False,False,3,3
Sac1647c861,shopify,False,0,98,False,False,False,3,3
Sac1647c861,shopify,False,0,100,False,False,False,3,3
Sac1647c861,shopify,False,0,106,False,False,False,3,3
Saaf74e62f4,shopify,True,33,178,False,False,True,3,2
Saaf74e62f4,shopify,True,0,164,False,False,True,3,2
Saaf74e62f4,shopify,True,63,478,True,False,True,3,1
Saaf74e62f4,shopify,True,17,449,False,False,True,3,2
Saaf74e62f4,shopify,True,19,385,False,False,True,3,2
Sa16e8c9b52,shopify,True,93,174,True,False,True,3,1
Sa16e8c9b52,shopify,True,24,159,False,False,True,3,2
Sa16e8c9b52,shopify,True,27,157,False,False,True,3,2
Sa16e8c9b52,shopify,True,35,91,False,False,True,3,2
Sa16e8c9b52,shopify,True,61,114,True,False,True,3,1
S746d8cb697,shopify,False,0,251,False,False,False,3,3
S746d8cb697,shopify,False,0,198,False,False,False,3,3
S746d8cb697,shopify,False,0,485,False,False,False,3,3
S746d8cb697,shopify,False,0,294,False,False,False,3,3
S746d8cb697,shopify,False,0,242,False,False,False,3,3
S322bbc67a7,shopify,False,0,233,False,False,False,3,3
S322bbc67a7,shopify,False,0,142,False,False,False,3,3
S322bbc67a7,shopify,False,0,134,False,False,False,3,3
S322bbc67a7,shopify,False,0,263,False,False,False,3,3
S322bbc67a7,shopify,False,0,155,False,False,False,3,3
Sa86e809e80,shopify,True,0,209,False,False,False,3,3
Sa86e809e80,shopify,True,0,204,False,False,False,3,3
Sa86e809e80,shopify,True,0,193,False,False,False,3,3
Sa86e809e80,shopify,True,0,349,False,False,False,3,3
Sa86e809e80,shopify,True,0,455,False,False,False,3,3
Sff7f721cf9,shopify,True,192,70,True,True,True,3,0
Sff7f721cf9,shopify,True,147,953,True,True,True,3,0
Sff7f721cf9,shopify,True,94,145,True,True,True,3,0
Sff7f721cf9,shopify,True,201,153,True,True,True,3,0
S14feb36823,zid,True,56,155,True,True,False,3,1
S14feb36823,zid,True,56,59,True,True,False,3,1
S14feb36823,zid,True,56,49,True,True,False,3,1
S14feb36823,zid,True,56,105,True,True,False,3,1
S14feb36823,zid,True,56,80,True,True,False,3,1
Sa4b00fc04b,zid,True,31,51,False,True,False,3,2
Sa4b00fc04b,zid,True,31,71,False,True,False,3,2
Sa4b00fc04b,zid,True,31,92,False,True,False,3,2
Sa4b00fc04b,zid,True,31,48,False,True,False,3,2
Sa4b00fc04b,zid,True,31,62,False,True,False,3,2
S850ba99939,zid,True,90,96,True,True,False,3,1
S850ba99939,zid,True,14,106,False,True,False,3,2
S850ba99939,zid,True,104,95,True,True,False,3,1
S850ba99939,zid,True,20,102,False,True,False,3,2
S850ba99939,zid,True,104,47,True,True,False,3,1
Sf516e4e6d0,zid,True,28,99,False,True,False,3,2
Sf516e4e6d0,zid,True,38,55,False,True,False,3,2
Sf516e4e6d0,zid,True,15,30,False,True,False,3,2
Sf516e4e6d0,zid,True,4,77,False,True,False,3,2
Sf516e4e6d0,zid,True,27,86,False,True,False,3,2
S3c4237f9de,zid,True,36,162,False,True,False,3,2
S3c4237f9de,zid,True,40,172,True,True,False,3,1
S3c4237f9de,zid,True,44,190,True,True,False,3,1
S3c4237f9de,zid,True,44,201,True,True,False,3,1
S3c4237f9de,zid,True,44,169,True,True,False,3,1
Sa43a0942fd,zid,False,0,9,False,True,False,3,2
Sa43a0942fd,zid,False,0,75,False,True,False,3,2
Sa43a0942fd,zid,False,11,59,False,True,False,3,2
Sa43a0942fd,zid,False,0,44,False,True,False,3,2
Sa43a0942fd,zid,False,8,39,False,True,False,3,2
Sd57ab1b88b,zid,False,18,24,False,False,False,3,3
Sd57ab1b88b,zid,False,12,17,False,False,False,3,3
Sd57ab1b88b,zid,False,38,52,False,False,False,3,3
Sd57ab1b88b,zid,False,37,42,False,False,False,3,3
Sd57ab1b88b,zid,False,18,41,False,False,False,3,3
S43a3970fab,zid,False,0,4,False,True,False,3,2
S43a3970fab,zid,False,0,4,False,True,False,3,2
S43a3970fab,zid,False,3,115,False,True,False,3,2
S43a3970fab,zid,False,3,188,False,True,False,3,2
S43a3970fab,zid,False,0,3,False,True,False,3,2
Sc887c4f575,zid,False,102,108,True,True,False,3,1
Sc887c4f575,zid,False,128,137,True,True,False,3,1
Sc887c4f575,zid,False,18,39,False,True,False,3,2
Sc887c4f575,zid,False,32,42,False,True,False,3,2
Sc887c4f575,zid,False,6,10,False,True,False,3,2
S36a06a89e1,zid,True,13,73,False,False,False,3,3
S36a06a89e1,zid,True,7,61,False,False,False,3,3
S36a06a89e1,zid,True,11,36,False,False,False,3,3
S36a06a89e1,zid,True,19,83,False,False,False,3,3
S36a06a89e1,zid,True,18,74,False,False,False,3,3
S4dcf8ac72c,zid,False,42,51,True,True,False,3,1
S4dcf8ac72c,zid,False,330,404,True,True,False,3,1
S4dcf8ac72c,zid,False,475,489,True,True,True,3,0
S4dcf8ac72c,zid,False,148,177,True,True,False,3,1
S4dcf8ac72c,zid,False,278,313,True,True,False,3,1
S5083331967,zid,False,172,262,True,True,False,3,1
S5083331967,zid,False,215,321,True,True,False,3,1
S5083331967,zid,False,160,187,True,True,False,3,1
S5083331967,zid,False,236,411,True,True,True,3,0
S5083331967,zid,False,185,344,True,True,False,3,1
S2a71adb7db,zid,False,86,132,True,True,False,3,1
S2a71adb7db,zid,False,103,115,True,True,False,3,1
S2a71adb7db,zid,False,89,97,True,True,False,3,1
S2a71adb7db,zid,False,3,56,False,True,False,3,2
S2a71adb7db,zid,False,73,84,True,True,False,3,1
S3841ac86f2,zid,False,155,158,True,False,False,3,2
S3841ac86f2,zid,False,165,170,True,False,False,3,2
S3841ac86f2,zid,False,165,168,True,False,False,3,2
S3841ac86f2,zid,False,159,162,True,False,False,3,2
S3841ac86f2,zid,False,185,188,True,False,False,3,2
S7422ca39f7,zid,True,32,47,False,True,False,3,2
S7422ca39f7,zid,True,34,51,False,True,False,3,2
S7422ca39f7,zid,True,37,54,False,True,False,3,2
S7422ca39f7,zid,True,28,9,False,True,False,3,2
S7422ca39f7,zid,True,28,8,False,True,False,3,2
S1bb8f92fcb,zid,False,76,80,True,True,False,3,1
S1bb8f92fcb,zid,False,10,45,False,True,False,3,2
S1bb8f92fcb,zid,False,32,86,False,True,False,3,2
S1bb8f92fcb,zid,False,8,27,False,True,False,3,2
S1bb8f92fcb,zid,False,15,62,False,True,False,3,2
Sa41c67f74e,zid,True,0,22,False,False,False,3,3
Sa41c67f74e,zid,True,0,13,False,False,False,3,3
Sa41c67f74e,zid,True,0,17,False,False,False,3,3
Sa41c67f74e,zid,True,0,37,False,True,False,3,2
Sa41c67f74e,zid,True,0,9,False,False,False,3,3
S5edbf078ee,zid,False,9,11,False,True,False,3,2
S5edbf078ee,zid,False,0,10,False,True,False,3,2
S5edbf078ee,zid,False,55,64,True,True,False,3,1
S5edbf078ee,zid,False,174,214,True,True,False,3,1
S5edbf078ee,zid,False,150,162,True,True,False,3,1
S5816811839,zid,False,16,19,False,False,False,3,3
S5816811839,zid,False,22,25,False,False,False,3,3
S5816811839,zid,False,0,6,False,False,False,3,3
S5816811839,zid,False,0,6,False,False,False,3,3
S5e70e34c44,zid,False,18,44,False,True,False,3,2
S5e70e34c44,zid,False,61,67,True,True,False,3,1
S5e70e34c44,zid,False,33,39,False,True,False,3,2
S5e70e34c44,zid,False,194,209,True,True,False,3,1
S5e70e34c44,zid,False,1075,1136,True,True,False,3,1
S4bc3e0f5ea,zid,False,210,256,True,False,False,3,2
S4bc3e0f5ea,zid,False,19,21,False,False,False,3,3
S4bc3e0f5ea,zid,False,22,26,False,False,False,3,3
S4bc3e0f5ea,zid,False,20,22,False,False,False,3,3
S4bc3e0f5ea,zid,False,230,284,True,False,False,3,2
Sf1619b9054,zid,False,0,7,False,True,False,3,2
Sf1619b9054,zid,False,0,3,False,True,False,3,2
Sf1619b9054,zid,False,0,9,False,True,False,3,2
Sf1619b9054,zid,False,28,36,False,True,False,3,2
Sf1619b9054,zid,False,0,3,False,True,False,3,2
S2c77d55796,zid,False,210,223,True,True,False,3,1
S2c77d55796,zid,False,283,371,True,True,False,3,1
S2c77d55796,zid,False,166,280,True,True,False,3,1
S2c77d55796,zid,False,229,235,True,True,True,3,0
S2c77d55796,zid,False,237,367,True,True,True,3,0
S1a541423ab,zid,True,37,444,False,False,False,3,3
S1a541423ab,zid,True,34,810,False,False,False,3,3
S1a541423ab,zid,True,32,963,False,False,True,3,2
S1a541423ab,zid,True,32,502,False,False,False,3,3
S1a541423ab,zid,True,35,331,False,False,False,3,3
Scedadb6a0f,zid,False,6,8,False,True,False,3,2
Scedadb6a0f,zid,False,57,156,True,True,False,3,1
Scedadb6a0f,zid,False,10,15,False,True,False,3,2
Scedadb6a0f,zid,False,59,158,True,True,False,3,1
Scedadb6a0f,zid,False,28,33,False,True,False,3,2
S2bf3dcad79,zid,True,0,33,False,False,False,3,3
S2bf3dcad79,zid,True,0,45,False,False,False,3,3
S2bf3dcad79,zid,True,0,48,False,False,False,3,3
S2bf3dcad79,zid,True,0,16,False,False,False,3,3
S2bf3dcad79,zid,True,0,16,False,False,False,3,3
S60ab0c0af4,zid,True,8,86,False,True,False,3,2
S60ab0c0af4,zid,True,11,76,False,True,False,3,2
S60ab0c0af4,zid,True,14,109,False,True,False,3,2
S60ab0c0af4,zid,True,7,46,False,True,False,3,2
S60ab0c0af4,zid,True,6,43,False,True,False,3,2
Sde376783ac,zid,False,16,30,False,True,False,3,2
Sde376783ac,zid,False,10,22,False,True,False,3,2
Sde376783ac,zid,False,10,15,False,True,False,3,2
Sde376783ac,zid,False,19,35,False,True,False,3,2
Sde376783ac,zid,False,0,9,False,True,False,3,2
Sdeeb1421e9,zid,False,7,8,False,True,False,3,2
Sdeeb1421e9,zid,False,6,11,False,True,False,3,2
Sdeeb1421e9,zid,False,31,32,False,True,False,3,2
Sdeeb1421e9,zid,False,7,8,False,True,False,3,2
Sdeeb1421e9,zid,False,7,8,False,True,False,3,2
S3a13564758,zid,False,0,14,False,True,False,3,2
S3a13564758,zid,False,33,111,False,True,False,3,2
S3a13564758,zid,False,0,10,False,True,False,3,2
S3a13564758,zid,False,0,8,False,True,False,3,2
S3a13564758,zid,False,0,13,False,True,False,3,2
S74368fc542,zid,True,27,161,False,True,False,3,2
S74368fc542,zid,True,30,184,False,True,False,3,2
S74368fc542,zid,True,23,122,False,True,False,3,2
S74368fc542,zid,True,27,218,False,True,False,3,2
S74368fc542,zid,True,25,142,False,True,False,3,2
Sfb62b422b3,zid,False,110,123,True,True,False,3,1
Sfb62b422b3,zid,False,145,165,True,True,False,3,1
Sfb62b422b3,zid,False,181,186,True,True,False,3,1
Sfb62b422b3,zid,False,93,144,True,True,True,3,0
Sfb62b422b3,zid,False,148,237,True,True,False,3,1
S5ea306387e,zid,False,14,19,False,True,False,3,2
S5ea306387e,zid,False,49,54,True,True,False,3,1
S5ea306387e,zid,False,10,15,False,True,False,3,2
S5ea306387e,zid,False,32,37,False,True,False,3,2
S5ea306387e,zid,False,39,41,False,True,False,3,2
S955efe345b,zid,False,21,32,False,True,False,3,2
S955efe345b,zid,False,101,146,True,True,False,3,1
S955efe345b,zid,False,81,218,True,True,False,3,1
S955efe345b,zid,False,82,99,True,True,False,3,1
S955efe345b,zid,False,14,124,False,True,False,3,2
Sd0921c2c7e,zid,True,21,173,False,False,False,3,3
Sd0921c2c7e,zid,True,30,275,False,False,False,3,3
Sd0921c2c7e,zid,True,35,294,False,False,False,3,3
Sd0921c2c7e,zid,True,21,185,False,False,False,3,3
Sd0921c2c7e,zid,True,32,284,False,False,False,3,3
S13da8e23d5,zid,False,0,9,False,False,False,3,3
S13da8e23d5,zid,False,0,7,False,False,False,3,3
S13da8e23d5,zid,False,0,5,False,False,False,3,3
S13da8e23d5,zid,False,0,9,False,False,False,3,3
S13da8e23d5,zid,False,0,7,False,False,False,3,3
S42a964901f,zid,False,129,155,True,False,True,3,1
S42a964901f,zid,False,74,88,True,False,False,3,2
S42a964901f,zid,False,86,131,True,False,False,3,2
S42a964901f,zid,False,133,180,True,False,True,3,1
S42a964901f,zid,False,77,95,True,False,False,3,2
S22715f2acd,zid,False,70,86,True,True,False,3,1
S22715f2acd,zid,False,36,83,False,True,False,3,2
S22715f2acd,zid,False,134,148,True,True,False,3,1
S22715f2acd,zid,False,28,40,False,True,False,3,2
S22715f2acd,zid,False,29,72,False,True,False,3,2
Sf1138dae20,zid,False,29,48,False,True,False,3,2
Sf1138dae20,zid,False,35,59,False,True,False,3,2
Sf1138dae20,zid,False,8,13,False,True,False,3,2
Sf1138dae20,zid,False,43,60,True,True,False,3,1
Sf1138dae20,zid,False,25,44,False,True,False,3,2
S51e8595a2d,zid,False,19,29,False,True,False,3,2
S51e8595a2d,zid,False,184,188,True,True,False,3,1
S51e8595a2d,zid,False,15,19,False,True,False,3,2
S51e8595a2d,zid,False,12,16,False,True,False,3,2
S51e8595a2d,zid,False,49,72,True,True,False,3,1
S3b5685bbaa,zid,True,40,77,True,True,False,3,1
S3b5685bbaa,zid,True,123,136,True,True,False,3,1
S3b5685bbaa,zid,True,32,90,False,True,False,3,2
S3b5685bbaa,zid,True,21,16,False,True,False,3,2
S3b5685bbaa,zid,True,8,83,False,True,False,3,2
S2f92447b71,zid,True,8,86,False,True,False,3,2
S2f92447b71,zid,True,5,74,False,True,False,3,2
S2f92447b71,zid,True,11,94,False,True,False,3,2
S2f92447b71,zid,True,3,53,False,True,False,3,2
S2f92447b71,zid,True,4,69,False,True,False,3,2
Sb4d686b6b0,zid,False,38,57,False,True,False,3,2
Sb4d686b6b0,zid,False,26,41,False,True,False,3,2
Sb4d686b6b0,zid,False,6,20,False,True,False,3,2
Sb4d686b6b0,zid,False,22,34,False,True,False,3,2
Sb4d686b6b0,zid,False,27,32,False,True,False,3,2
Sae6bfbe263,zid,True,17,153,False,False,False,3,3
Sae6bfbe263,zid,True,15,111,False,False,False,3,3
Sae6bfbe263,zid,True,8,98,False,False,False,3,3
Sae6bfbe263,zid,True,13,129,False,False,False,3,3
Sae6bfbe263,zid,True,60,159,True,False,False,3,2
S2498369948,zid,False,0,11,False,False,False,3,3
S2498369948,zid,False,8,21,False,False,False,3,3
S2498369948,zid,False,0,13,False,False,False,3,3
S2498369948,zid,False,0,11,False,False,False,3,3
S2498369948,zid,False,8,16,False,False,False,3,3
Saf0b18412d,zid,False,3,9,False,False,False,3,3
Saf0b18412d,zid,False,3,9,False,False,False,3,3
Saf0b18412d,zid,False,3,9,False,False,False,3,3
Saf0b18412d,zid,False,3,9,False,False,False,3,3
Saf0b18412d,zid,False,3,9,False,False,False,3,3
S5ec04af278,zid,True,113,410,True,False,False,3,2
S5ec04af278,zid,True,95,233,True,False,False,3,2
S5ec04af278,zid,True,31,246,False,False,False,3,3
S5ec04af278,zid,True,104,294,True,False,False,3,2
S5ec04af278,zid,True,101,287,True,False,False,3,2
Sac28c0a8eb,zid,False,0,15,False,True,False,3,2
Sac28c0a8eb,zid,False,0,11,False,True,False,3,2
Sac28c0a8eb,zid,False,12,15,False,True,False,3,2
Sac28c0a8eb,zid,False,16,19,False,True,False,3,2
Sac28c0a8eb,zid,False,20,23,False,True,False,3,2
S971535b145,zid,False,167,210,True,False,False,3,2
S971535b145,zid,False,188,221,True,False,False,3,2
S971535b145,zid,False,124,143,True,False,False,3,2
S971535b145,zid,False,197,219,True,False,False,3,2
S971535b145,zid,False,135,153,True,False,False,3,2
S9340112bf1,zid,False,0,102,False,False,False,3,3
S9340112bf1,zid,False,12,26,False,False,False,3,3
S9340112bf1,zid,False,13,24,False,False,False,3,3
S9340112bf1,zid,False,0,95,False,False,False,3,3
S9340112bf1,zid,False,0,41,False,False,False,3,3
Sf4ea01f83e,zid,False,13,26,False,True,False,3,2
Sf4ea01f83e,zid,False,35,57,False,True,False,3,2
Sf4ea01f83e,zid,False,43,61,True,True,False,3,1
Sf4ea01f83e,zid,False,12,27,False,True,False,3,2
Sf4ea01f83e,zid,False,10,28,False,True,False,3,2
Sde41d32dbd,zid,True,114,61,True,True,False,3,1
Sde41d32dbd,zid,True,114,35,True,True,False,3,1
Sde41d32dbd,zid,True,114,32,True,True,False,3,1
Sde41d32dbd,zid,True,114,30,True,True,False,3,1
Sde41d32dbd,zid,True,114,31,True,True,False,3,1
S047b1bc3e2,zid,False,22,44,False,False,False,3,3
S047b1bc3e2,zid,False,8,29,False,False,False,3,3
S047b1bc3e2,zid,False,40,46,True,False,False,3,2
S047b1bc3e2,zid,False,33,48,False,False,False,3,3
S047b1bc3e2,zid,False,23,28,False,False,False,3,3
Sdd8a0d0e47,zid,False,20,24,False,True,False,3,2
Sdd8a0d0e47,zid,False,50,58,True,True,False,3,1
Sdd8a0d0e47,zid,False,22,28,False,True,False,3,2
Sdd8a0d0e47,zid,False,16,20,False,True,False,3,2
Sdd8a0d0e47,zid,False,41,42,True,True,False,3,1
S3b921f6ac3,zid,False,30,39,False,True,False,3,2
S3b921f6ac3,zid,False,12,26,False,True,False,3,2
S3b921f6ac3,zid,False,25,40,False,True,False,3,2
S3b921f6ac3,zid,False,12,23,False,True,False,3,2
S3b921f6ac3,zid,False,23,29,False,True,False,3,2
S8070df6fdb,zid,False,337,383,True,True,True,3,0
S8070df6fdb,zid,False,234,460,True,True,False,3,1
S8070df6fdb,zid,False,238,275,True,True,False,3,1
S8070df6fdb,zid,False,282,322,True,True,False,3,1
S8070df6fdb,zid,False,201,422,True,True,False,3,1
Sfc95f5b118,zid,False,13,19,False,True,False,3,2
Sfc95f5b118,zid,False,10,15,False,True,False,3,2
Sfc95f5b118,zid,False,9,15,False,True,False,3,2
Sfc95f5b118,zid,False,10,27,False,True,False,3,2
Sfc95f5b118,zid,False,0,30,False,True,False,3,2
S2693cca510,zid,False,10,11,False,True,False,3,2
S2693cca510,zid,False,28,37,False,True,False,3,2
S2693cca510,zid,False,36,39,False,True,False,3,2
S2693cca510,zid,False,10,17,False,True,False,3,2
S2693cca510,zid,False,8,44,False,True,False,3,2
S511d5a29ce,zid,True,22,4,False,True,False,3,2
S511d5a29ce,zid,True,29,57,False,True,False,3,2
S511d5a29ce,zid,True,30,48,False,True,False,3,2
S511d5a29ce,zid,True,20,38,False,True,False,3,2
S511d5a29ce,zid,True,16,35,False,True,False,3,2
S6ea5d3c7e7,zid,True,8,27,False,True,False,3,2
S6ea5d3c7e7,zid,True,5,49,False,True,False,3,2
S6ea5d3c7e7,zid,True,5,52,False,True,False,3,2
S6ea5d3c7e7,zid,True,4,68,False,True,False,3,2
S6ea5d3c7e7,zid,True,4,60,False,True,False,3,2
Sbe47a8e461,zid,True,6,40,False,True,False,3,2
Sbe47a8e461,zid,True,44,116,True,True,False,3,1
Sbe47a8e461,zid,True,50,152,True,True,False,3,1
Sbe47a8e461,zid,True,42,138,True,True,False,3,1
Sbe47a8e461,zid,True,29,98,False,True,False,3,2
S9620b2adf9,zid,True,9,231,False,True,False,3,2
S9620b2adf9,zid,True,4,213,False,True,False,3,2
S9620b2adf9,zid,True,13,233,False,True,False,3,2
S9620b2adf9,zid,True,4,242,False,True,False,3,2
S9620b2adf9,zid,True,10,247,False,True,False,3,2
Se1d9f5fe14,zid,False,11,20,False,False,False,3,3
Se1d9f5fe14,zid,False,26,31,False,False,False,3,3
Se1d9f5fe14,zid,False,24,35,False,False,False,3,3
Se1d9f5fe14,zid,False,20,25,False,False,False,3,3
Se1d9f5fe14,zid,False,20,31,False,False,False,3,3
Sb08e6b3a6b,zid,False,128,322,True,True,False,3,1
Sb08e6b3a6b,zid,False,67,267,True,True,False,3,1
Sb08e6b3a6b,zid,False,89,368,True,True,False,3,1
Sb08e6b3a6b,zid,False,71,340,True,True,False,3,1
Sb08e6b3a6b,zid,False,60,233,True,True,False,3,1
Sb8c495a586,zid,False,134,149,True,True,False,3,1
Sb8c495a586,zid,False,96,108,True,True,False,3,1
Sb8c495a586,zid,False,152,165,True,True,False,3,1
Sb8c495a586,zid,False,87,89,True,True,False,3,1
Sb8c495a586,zid,False,181,189,True,True,False,3,1
S0a1467d147,zid,False,18,21,False,False,False,3,3
S0a1467d147,zid,False,29,32,False,False,False,3,3
S0a1467d147,zid,False,12,15,False,False,False,3,3
S0a1467d147,zid,False,20,23,False,False,False,3,3
S0a1467d147,zid,False,10,18,False,False,False,3,3
S4896080096,zid,True,5,25,False,True,False,3,2
S4896080096,zid,True,12,85,False,True,False,3,2
S4896080096,zid,True,28,232,False,True,False,3,2
S4896080096,zid,True,0,11,False,True,False,3,2
S4896080096,zid,True,105,162,True,True,False,3,1
S12717d3855,zid,True,40,79,True,True,False,3,1
S12717d3855,zid,True,39,84,False,True,False,3,2
S12717d3855,zid,True,27,53,False,True,False,3,2
S12717d3855,zid,True,41,66,True,True,False,3,1
S12717d3855,zid,True,41,81,True,True,False,3,1
S3f7bc35a25,zid,True,31,101,False,True,False,3,2
S3f7bc35a25,zid,True,11,142,False,True,False,3,2
S3f7bc35a25,zid,True,26,76,False,True,False,3,2
S3f7bc35a25,zid,True,22,86,False,True,False,3,2
S3f7bc35a25,zid,True,33,115,False,True,False,3,2
S95cf69237f,zid,True,47,205,True,True,False,3,1
S95cf69237f,zid,True,50,78,True,True,False,3,1
S95cf69237f,zid,True,39,50,False,True,False,3,2
S95cf69237f,zid,True,55,111,True,True,False,3,1
S95cf69237f,zid,True,29,195,False,True,False,3,2
S9ff5e4e605,zid,True,6,109,False,True,False,3,2
S9ff5e4e605,zid,True,6,124,False,True,False,3,2
S9ff5e4e605,zid,True,6,107,False,True,False,3,2
S9ff5e4e605,zid,True,6,40,False,True,False,3,2
S9ff5e4e605,zid,True,6,82,False,True,False,3,2
S4557a88c78,zid,True,29,109,False,True,False,3,2
S4557a88c78,zid,True,16,78,False,True,False,3,2
S4557a88c78,zid,True,28,93,False,True,False,3,2
S4557a88c78,zid,True,22,100,False,True,False,3,2
S4557a88c78,zid,True,27,106,False,True,False,3,2
Sfd3af3f43c,zid,False,86,92,True,False,False,3,2
Sfd3af3f43c,zid,False,64,69,True,False,False,3,2
Sfd3af3f43c,zid,False,12,17,False,False,False,3,3
Sfd3af3f43c,zid,False,87,93,True,False,False,3,2
Sfd3af3f43c,zid,False,21,29,False,False,False,3,3
Sd1d0faf84a,zid,False,130,132,True,False,False,3,2
Sd1d0faf84a,zid,False,44,52,True,False,False,3,2
Sd1d0faf84a,zid,False,97,105,True,False,False,3,2
Sd1d0faf84a,zid,False,45,53,True,False,False,3,2
Sd1d0faf84a,zid,False,112,114,True,False,False,3,2
S002df99afe,zid,True,9,39,False,False,False,3,3
S002df99afe,zid,True,20,28,False,False,False,3,3
S002df99afe,zid,True,90,115,True,False,False,3,2
S002df99afe,zid,True,13,72,False,False,False,3,3
S002df99afe,zid,True,8,38,False,False,False,3,3
S0b50d7ad63,zid,True,24,143,False,True,False,3,2
S0b50d7ad63,zid,True,70,166,True,True,False,3,1
S0b50d7ad63,zid,True,13,138,False,True,False,3,2
S0b50d7ad63,zid,True,34,125,False,True,False,3,2
S0b50d7ad63,zid,True,27,265,False,True,False,3,2
S4455edbd98,zid,False,50,75,True,True,False,3,1
S4455edbd98,zid,False,30,35,False,True,False,3,2
S4455edbd98,zid,False,31,45,False,True,False,3,2
S4455edbd98,zid,False,30,44,False,True,False,3,2
S4455edbd98,zid,False,22,45,False,True,False,3,2
Sfa161e445b,zid,True,22,1,False,False,False,3,3
Sfa161e445b,zid,True,17,110,False,False,False,3,3
Sfa161e445b,zid,True,22,26,False,False,False,3,3
Sfa161e445b,zid,True,22,15,False,False,False,3,3
Sfa161e445b,zid,True,22,63,False,False,False,3,3
Sb252b8528d,zid,False,23,83,False,False,False,3,3
Sb252b8528d,zid,False,17,86,False,False,False,3,3
Sb252b8528d,zid,False,248,315,True,False,True,3,1
Sb252b8528d,zid,False,212,280,True,False,True,3,1
Sb252b8528d,zid,False,237,331,True,False,False,3,2
S16cfaf1047,zid,True,3,68,False,False,False,3,3
S16cfaf1047,zid,True,55,89,True,False,False,3,2
S16cfaf1047,zid,True,36,51,False,False,False,3,3
S16cfaf1047,zid,True,17,117,False,False,False,3,3
S16cfaf1047,zid,True,9,22,False,False,False,3,3
Se3a5e0db81,zid,False,2,6,False,True,False,3,2
Se3a5e0db81,zid,False,13,14,False,True,False,3,2
Se3a5e0db81,zid,False,22,24,False,True,False,3,2
Se3a5e0db81,zid,False,12,14,False,True,False,3,2
Se3a5e0db81,zid,False,11,12,False,True,False,3,2
S07faa35708,zid,False,27,51,False,True,False,3,2
S07faa35708,zid,False,28,47,False,True,False,3,2
S07faa35708,zid,False,42,1055,True,True,False,3,1
S07faa35708,zid,False,53,77,True,True,False,3,1
S07faa35708,zid,False,41,1054,True,True,False,3,1
Seeefe516c2,zid,True,137,181,True,True,False,3,1
Seeefe516c2,zid,True,120,162,True,True,False,3,1
Seeefe516c2,zid,True,129,242,True,True,False,3,1
Seeefe516c2,zid,True,151,281,True,True,False,3,1
Seeefe516c2,zid,True,139,203,True,True,False,3,1
S1049a32aa1,zid,True,30,58,False,False,False,3,3
S1049a32aa1,zid,True,25,17,False,False,False,3,3
S1049a32aa1,zid,True,15,22,False,False,False,3,3
S1049a32aa1,zid,True,30,72,False,False,False,3,3
S1049a32aa1,zid,True,23,25,False,False,False,3,3
S7b8ab16fb9,zid,True,0,11,False,True,False,3,2
S7b8ab16fb9,zid,True,44,59,True,True,False,3,1
S7b8ab16fb9,zid,True,0,5,False,True,False,3,2
S7b8ab16fb9,zid,True,0,8,False,True,False,3,2
S7b8ab16fb9,zid,True,8,11,False,True,False,3,2
S082406bcb8,zid,True,7,32,False,True,False,3,2
S082406bcb8,zid,True,26,72,False,True,False,3,2
S082406bcb8,zid,True,13,35,False,True,False,3,2
S082406bcb8,zid,True,4,131,False,True,False,3,2
S082406bcb8,zid,True,4,23,False,True,False,3,2
S63c5d37ba4,zid,False,0,23,False,True,False,3,2
S63c5d37ba4,zid,False,14,26,False,True,False,3,2
S63c5d37ba4,zid,False,16,21,False,True,False,3,2
S63c5d37ba4,zid,False,8,14,False,True,False,3,2
S63c5d37ba4,zid,False,0,17,False,True,False,3,2
S52875c123f,zid,True,61,103,True,True,False,3,1
S52875c123f,zid,True,83,192,True,True,False,3,1
S52875c123f,zid,True,131,188,True,True,False,3,1
S52875c123f,zid,True,29,55,False,True,False,3,2
S52875c123f,zid,True,31,71,False,True,False,3,2
Sb537242e87,zid,False,170,187,True,True,False,3,1
Sb537242e87,zid,False,204,239,True,True,False,3,1
Sb537242e87,zid,False,192,213,True,True,False,3,1
Sb537242e87,zid,False,0,16,False,True,False,3,2
Sb537242e87,zid,False,28,57,False,True,False,3,2
Sbe9bc13f7b,zid,True,11,27,False,True,False,3,2
Sbe9bc13f7b,zid,True,15,37,False,True,False,3,2
Sbe9bc13f7b,zid,True,17,32,False,True,False,3,2
Sbe9bc13f7b,zid,True,15,24,False,True,False,3,2
Sbe9bc13f7b,zid,True,19,28,False,True,False,3,2
S0d3270c38f,zid,True,29,85,False,True,False,3,2
S0d3270c38f,zid,True,23,22,False,True,False,3,2
S0d3270c38f,zid,True,23,16,False,True,False,3,2
S0d3270c38f,zid,True,22,271,False,True,False,3,2
S0d3270c38f,zid,True,18,268,False,True,False,3,2
S9bfdae3f78,zid,True,26,206,False,False,False,3,3
S9bfdae3f78,zid,True,25,306,False,False,False,3,3
S9bfdae3f78,zid,True,20,395,False,False,False,3,3
S9bfdae3f78,zid,True,45,74,True,False,False,3,2
S9bfdae3f78,zid,True,26,206,False,False,False,3,3
S3364bde211,zid,False,10,15,False,False,False,3,3
S3364bde211,zid,False,9,10,False,False,False,3,3
S3364bde211,zid,False,6,7,False,False,False,3,3
S3364bde211,zid,False,9,10,False,False,False,3,3
S3364bde211,zid,False,0,5,False,False,False,3,3
Sb88b9cce98,zid,True,8,169,False,True,False,3,2
Sb88b9cce98,zid,True,9,68,False,True,False,3,2
Sb88b9cce98,zid,True,9,82,False,True,False,3,2
Sb88b9cce98,zid,True,55,32,True,True,False,3,1
Sb88b9cce98,zid,True,10,50,False,True,False,3,2
S7c093a524b,zid,False,8,47,False,False,False,3,3
S7c093a524b,zid,False,10,43,False,False,False,3,3
S7c093a524b,zid,False,10,14,False,False,False,3,3
S7c093a524b,zid,False,8,12,False,False,False,3,3
S7c093a524b,zid,False,12,31,False,False,False,3,3
S68611aa9c0,zid,False,83,93,True,False,False,3,2
S68611aa9c0,zid,False,28,30,False,False,False,3,3
S68611aa9c0,zid,False,0,4,False,False,False,3,3
S68611aa9c0,zid,False,8,11,False,False,False,3,3
S68611aa9c0,zid,False,79,124,True,False,False,3,2
Sf1d4a12fd9,zid,True,5,98,False,True,False,3,2
Sf1d4a12fd9,zid,True,6,184,False,True,False,3,2
Sf1d4a12fd9,zid,True,142,81,True,True,False,3,1
Sf1d4a12fd9,zid,True,9,150,False,True,False,3,2
Sf1d4a12fd9,zid,True,5,75,False,True,False,3,2
S3f728c8d4b,zid,False,64,75,True,True,False,3,1
S3f728c8d4b,zid,False,28,41,False,True,False,3,2
S3f728c8d4b,zid,False,100,122,True,True,False,3,1
S3f728c8d4b,zid,False,68,77,True,True,False,3,1
S3f728c8d4b,zid,False,0,10,False,True,False,3,2
Sda82b1e0c5,zid,False,81,93,True,True,False,3,1
Sda82b1e0c5,zid,False,58,70,True,True,False,3,1
Sda82b1e0c5,zid,False,42,134,True,True,False,3,1
Sda82b1e0c5,zid,False,71,165,True,True,False,3,1
Sda82b1e0c5,zid,False,210,221,True,True,False,3,1
S1862252a9e,zid,False,44,51,True,True,False,3,1
S1862252a9e,zid,False,306,310,True,True,False,3,1
S1862252a9e,zid,False,55,72,True,True,False,3,1
S1862252a9e,zid,False,197,272,True,True,False,3,1
S1862252a9e,zid,False,103,110,True,True,False,3,1
S4367b7bc0d,zid,False,153,168,True,True,False,3,1
S4367b7bc0d,zid,False,122,126,True,True,False,3,1
S4367b7bc0d,zid,False,16,24,False,True,False,3,2
S4367b7bc0d,zid,False,134,138,True,True,False,3,1
S4367b7bc0d,zid,False,88,92,True,True,False,3,1
Sc078eaceae,zid,False,138,151,True,True,False,3,1
Sc078eaceae,zid,False,299,306,True,True,False,3,1
Sc078eaceae,zid,False,348,382,True,True,False,3,1
Sc078eaceae,zid,False,64,81,True,True,False,3,1
Sc078eaceae,zid,False,1193,1244,True,True,False,3,1
Sdc105acf49,zid,False,56,70,True,True,False,3,1
Sdc105acf49,zid,False,20,105,False,True,False,3,2
Sdc105acf49,zid,False,94,105,True,True,False,3,1
Sdc105acf49,zid,False,37,46,False,True,False,3,2
Sdc105acf49,zid,False,67,72,True,True,False,3,1
S062f48a335,zid,True,28,66,False,False,False,3,3
S062f48a335,zid,True,8,89,False,False,False,3,3
S062f48a335,zid,True,22,91,False,False,False,3,3
S062f48a335,zid,True,9,86,False,False,False,3,3
S062f48a335,zid,True,21,150,False,False,False,3,3
Sdc6751eb31,zid,False,10,18,False,True,False,3,2
Sdc6751eb31,zid,False,90,94,True,True,False,3,1
Sdc6751eb31,zid,False,612,748,True,True,True,3,0
Sdc6751eb31,zid,False,53,57,True,True,False,3,1
Sdc6751eb31,zid,False,101,121,True,True,False,3,1
S21a0e8ff68,zid,False,66,92,True,True,False,3,1
S21a0e8ff68,zid,False,143,203,True,True,False,3,1
S21a0e8ff68,zid,False,159,186,True,True,False,3,1
S21a0e8ff68,zid,False,66,97,True,True,False,3,1
S21a0e8ff68,zid,False,30,61,False,True,True,3,1
S257131c1bb,zid,True,53,97,True,True,False,3,1
S257131c1bb,zid,True,42,70,True,True,False,3,1
S257131c1bb,zid,True,51,246,True,True,False,3,1
S257131c1bb,zid,True,46,82,True,True,False,3,1
S257131c1bb,zid,True,47,110,True,True,False,3,1
Saa8afe127b,zid,False,37,41,False,True,False,3,2
Saa8afe127b,zid,False,281,312,True,True,False,3,1
Saa8afe127b,zid,False,59,65,True,True,False,3,1
Saa8afe127b,zid,False,46,52,True,True,False,3,1
Saa8afe127b,zid,False,120,172,True,True,False,3,1
Sc5f1a2f1e5,zid,False,168,170,True,True,False,3,1
Sc5f1a2f1e5,zid,False,28,42,False,True,False,3,2
Sc5f1a2f1e5,zid,False,179,193,True,True,False,3,1
Sc5f1a2f1e5,zid,False,74,88,True,True,False,3,1
Sc5f1a2f1e5,zid,False,46,60,True,True,False,3,1
S0322f7caeb,zid,False,261,281,True,True,False,3,1
S0322f7caeb,zid,False,176,210,True,True,False,3,1
S0322f7caeb,zid,False,201,221,True,True,False,3,1
S0322f7caeb,zid,False,223,240,True,True,False,3,1
S0322f7caeb,zid,False,479,483,True,True,False,3,1
S0350116938,zid,False,24,25,False,False,False,3,3
S0350116938,zid,False,102,103,True,False,False,3,2
S0350116938,zid,False,31,40,False,False,False,3,3
S0350116938,zid,False,15,16,False,False,False,3,3
S0350116938,zid,False,30,31,False,False,False,3,3
Se1d180fefa,zid,True,25,422,False,False,False,3,3
Se1d180fefa,zid,True,22,536,False,False,False,3,3
Se1d180fefa,zid,True,40,49,True,False,False,3,2
Se1d180fefa,zid,True,20,472,False,False,False,3,3
Se1d180fefa,zid,True,24,420,False,False,False,3,3
S66155b2e8f,zid,True,37,133,False,True,False,3,2
S66155b2e8f,zid,True,41,127,True,True,False,3,1
S66155b2e8f,zid,True,63,147,True,True,False,3,1
S66155b2e8f,zid,True,37,141,False,True,False,3,2
S66155b2e8f,zid,True,70,135,True,True,False,3,1
Sbd269b77b8,zid,False,14,41,False,False,False,3,3
Sbd269b77b8,zid,False,16,29,False,False,False,3,3
Sbd269b77b8,zid,False,10,17,False,False,False,3,3
Sbd269b77b8,zid,False,18,45,False,False,False,3,3
Sbd269b77b8,zid,False,0,1014,False,False,False,3,3
S82915a8647,zid,False,12,25,False,True,False,3,2
S82915a8647,zid,False,16,138,False,True,False,3,2
S82915a8647,zid,False,12,30,False,True,False,3,2
S82915a8647,zid,False,18,34,False,True,False,3,2
S82915a8647,zid,False,20,172,False,True,False,3,2
S40f72a0e8e,zid,False,46,73,True,True,False,3,1
S40f72a0e8e,zid,False,28,126,False,True,False,3,2
S40f72a0e8e,zid,False,24,84,False,True,False,3,2
S40f72a0e8e,zid,False,32,192,False,True,False,3,2
S40f72a0e8e,zid,False,48,61,True,True,False,3,1
Sd0613a2168,zid,False,412,423,True,False,True,3,1
Sd0613a2168,zid,False,542,569,True,False,False,3,2
Sd0613a2168,zid,False,62,77,True,False,False,3,2
Sd0613a2168,zid,False,913,934,True,False,False,3,2
Sd0613a2168,zid,False,1132,1162,True,False,False,3,2
Se3062b5ae3,zid,True,24,91,False,True,False,3,2
Se3062b5ae3,zid,True,21,765,False,True,False,3,2
Se3062b5ae3,zid,True,24,123,False,True,False,3,2
Se3062b5ae3,zid,True,25,90,False,True,False,3,2
Se3062b5ae3,zid,True,24,98,False,True,False,3,2
S0fcab48411,zid,False,204,218,True,False,False,3,2
S0fcab48411,zid,False,6,9,False,False,False,3,3
S0fcab48411,zid,False,88,118,True,False,False,3,2
S0fcab48411,zid,False,201,217,True,False,False,3,2
S0fcab48411,zid,False,127,131,True,False,False,3,2
Sb328f146f4,zid,True,4,44,False,False,False,3,3
Sb328f146f4,zid,True,12,50,False,False,False,3,3
Sb328f146f4,zid,True,14,18,False,False,False,3,3
Sb328f146f4,zid,True,8,49,False,False,False,3,3
Sb328f146f4,zid,True,12,21,False,False,False,3,3
S85043b3f1c,zid,True,6,87,False,True,False,3,2
S85043b3f1c,zid,True,3,49,False,True,False,3,2
S85043b3f1c,zid,True,47,88,True,True,False,3,1
S85043b3f1c,zid,True,6,45,False,True,False,3,2
S85043b3f1c,zid,True,3,32,False,True,False,3,2
S4a8cc72325,zid,False,46,50,True,False,False,3,2
S4a8cc72325,zid,False,26,27,False,False,False,3,3
S4a8cc72325,zid,False,34,37,False,False,False,3,3
S4a8cc72325,zid,False,36,40,False,False,False,3,3
S4a8cc72325,zid,False,35,41,False,False,False,3,3
Sbe5efdb90d,zid,False,0,7,False,False,False,3,3
Sbe5efdb90d,zid,False,6,12,False,False,False,3,3
Sbe5efdb90d,zid,False,16,20,False,False,False,3,3
Sbe5efdb90d,zid,False,5,9,False,False,False,3,3
Sbe5efdb90d,zid,False,0,8,False,False,False,3,3
Sc63f311a1a,zid,True,0,26,False,True,False,3,2
Sc63f311a1a,zid,True,14,56,False,True,False,3,2
Sc63f311a1a,zid,True,0,19,False,True,False,3,2
Sc63f311a1a,zid,True,41,81,True,True,False,3,1
Sc63f311a1a,zid,True,0,42,False,True,False,3,2
S4c3647bfce,zid,False,24,28,False,True,False,3,2
S4c3647bfce,zid,False,55,98,True,True,False,3,1
S4c3647bfce,zid,False,60,63,True,True,False,3,1
S4c3647bfce,zid,False,0,18,False,True,False,3,2
S4c3647bfce,zid,False,38,41,False,True,False,3,2
S5d38b8910c,zid,False,236,256,True,False,False,3,2
S5d38b8910c,zid,False,119,146,True,False,False,3,2
S5d38b8910c,zid,False,126,136,True,False,False,3,2
S5d38b8910c,zid,False,33,58,False,False,False,3,3
S5d38b8910c,zid,False,149,207,True,False,False,3,2
S0daf58fe2d,zid,True,0,6,False,False,False,3,3
S0daf58fe2d,zid,True,0,14,False,False,False,3,3
S0daf58fe2d,zid,True,0,5,False,False,False,3,3
S0daf58fe2d,zid,True,6,7,False,False,False,3,3
S0daf58fe2d,zid,True,0,5,False,False,False,3,3
Sfd6cb392eb,zid,True,10,216,False,False,False,3,3
Sfd6cb392eb,zid,True,0,8,False,False,False,3,3
Sfd6cb392eb,zid,True,0,8,False,False,False,3,3
Sfd6cb392eb,zid,True,34,63,False,False,False,3,3
Sfd6cb392eb,zid,True,45,57,True,False,False,3,2
S6316d42539,zid,True,107,21,True,True,False,3,1
S6316d42539,zid,True,107,135,True,True,False,3,1
S6316d42539,zid,True,107,116,True,True,False,3,1
S6316d42539,zid,True,107,110,True,True,False,3,1
S6316d42539,zid,True,107,125,True,True,False,3,1
Sc471dc2ebd,zid,True,24,30,False,True,False,3,2
Sc471dc2ebd,zid,True,111,31,True,True,False,3,1
Sc471dc2ebd,zid,True,111,45,True,True,False,3,1
Sc471dc2ebd,zid,True,111,24,True,True,False,3,1
Sc471dc2ebd,zid,True,111,45,True,True,False,3,1
S0905c279d0,zid,False,30,33,False,False,False,3,3
S0905c279d0,zid,False,20,26,False,False,False,3,3
S0905c279d0,zid,False,30,33,False,False,False,3,3
S0905c279d0,zid,False,34,38,False,False,False,3,3
S0905c279d0,zid,False,32,39,False,False,False,3,3
Sbaa1a7584e,zid,False,4,5,False,True,False,3,2
Sbaa1a7584e,zid,False,5,6,False,True,False,3,2
Sbaa1a7584e,zid,False,5,7,False,True,False,3,2
Sbaa1a7584e,zid,False,0,5,False,True,False,3,2
Sbaa1a7584e,zid,False,5,6,False,True,False,3,2
Sf01d1565dd,zid,False,132,251,True,True,False,3,1
Sf01d1565dd,zid,False,45,103,True,True,False,3,1
Sf01d1565dd,zid,False,32,90,False,True,False,3,2
Sf01d1565dd,zid,False,37,67,False,True,False,3,2
Sf01d1565dd,zid,False,36,50,False,True,False,3,2
Se94dbfafc4,zid,True,23,255,False,False,False,3,3
Se94dbfafc4,zid,True,16,182,False,False,False,3,3
Se94dbfafc4,zid,True,16,283,False,False,False,3,3
Se94dbfafc4,zid,True,19,238,False,False,False,3,3
Se94dbfafc4,zid,True,18,317,False,False,False,3,3
S892557bec4,zid,False,69,73,True,True,False,3,1
S892557bec4,zid,False,0,9,False,True,False,3,2
S892557bec4,zid,False,12,17,False,True,False,3,2
S892557bec4,zid,False,0,8,False,True,False,3,2
S892557bec4,zid,False,32,37,False,True,False,3,2
S5fe04b55f9,zid,False,12,18,False,False,False,3,3
S5fe04b55f9,zid,True,38,98,False,False,False,3,3
S5fe04b55f9,zid,True,38,84,False,False,False,3,3
S5fe04b55f9,zid,True,36,91,False,False,False,3,3
S5fe04b55f9,zid,True,36,58,False,False,False,3,3
Sb3c0219b88,zid,False,138,150,True,True,False,3,1
Sb3c0219b88,zid,False,14,21,False,True,False,3,2
Sb3c0219b88,zid,False,209,219,True,True,True,3,0
Sb3c0219b88,zid,False,8,12,False,True,False,3,2
Sb3c0219b88,zid,False,0,13,False,True,False,3,2
S36e2543cd0,zid,False,6,7,False,False,False,3,3
S36e2543cd0,zid,False,12,13,False,False,False,3,3
S36e2543cd0,zid,False,10,11,False,False,False,3,3
S36e2543cd0,zid,False,16,17,False,False,False,3,3
S36e2543cd0,zid,False,12,13,False,False,False,3,3
S14f083c49a,zid,False,479,542,True,True,False,3,1
S14f083c49a,zid,False,213,233,True,True,False,3,1
S14f083c49a,zid,False,286,298,True,True,False,3,1
S14f083c49a,zid,False,127,151,True,True,False,3,1
S14f083c49a,zid,False,95,133,True,True,False,3,1
Sb6ccbaed25,zid,False,14,32,False,True,False,3,2
Sb6ccbaed25,zid,False,17,35,False,True,False,3,2
Sb6ccbaed25,zid,False,8,14,False,True,False,3,2
Sb6ccbaed25,zid,False,17,29,False,True,False,3,2
Sb6ccbaed25,zid,False,20,31,False,True,False,3,2
S5c72f1b6d0,zid,False,12,37,False,False,False,3,3
S5c72f1b6d0,zid,False,19,46,False,False,False,3,3
S5c72f1b6d0,zid,False,19,50,False,False,False,3,3
S5c72f1b6d0,zid,False,52,83,True,False,False,3,2
S5c72f1b6d0,zid,False,62,91,True,False,False,3,2
Sa0d81bf11e,zid,False,0,5,False,False,False,3,3
Sa0d81bf11e,zid,False,0,5,False,False,False,3,3
Sa0d81bf11e,zid,False,0,20,False,False,False,3,3
Sa0d81bf11e,zid,False,6,7,False,False,False,3,3
Sa0d81bf11e,zid,False,6,22,False,False,False,3,3
S6202f7f800,zid,True,0,108,False,False,False,3,3
S6202f7f800,zid,True,20,63,False,False,False,3,3
S6202f7f800,zid,True,28,88,False,False,False,3,3
S6202f7f800,zid,True,0,16,False,False,False,3,3
S6202f7f800,zid,True,14,39,False,False,False,3,3
Sb2fa5cd154,zid,True,19,112,False,True,False,3,2
Sb2fa5cd154,zid,True,68,17,True,True,False,3,1
Sb2fa5cd154,zid,True,10,109,False,True,False,3,2
Sb2fa5cd154,zid,True,22,113,False,True,False,3,2
Sb2fa5cd154,zid,True,11,125,False,True,False,3,2
Se6e71efbc8,zid,False,56,60,True,False,False,3,2
Se6e71efbc8,zid,False,56,59,True,False,False,3,2
Se6e71efbc8,zid,False,72,81,True,False,False,3,2
Se6e71efbc8,zid,False,64,68,True,False,False,3,2
Se6e71efbc8,zid,False,68,77,True,False,False,3,2
Se1602a3d60,zid,True,31,126,False,True,False,3,2
Se1602a3d60,zid,True,36,174,False,True,False,3,2
Se1602a3d60,zid,True,41,137,True,True,False,3,1
Se1602a3d60,zid,True,21,96,False,True,False,3,2
Se1602a3d60,zid,True,37,80,False,True,False,3,2
Sc8a56b3ec8,zid,True,9,64,False,True,False,3,2
Sc8a56b3ec8,zid,True,5,72,False,True,False,3,2
Sc8a56b3ec8,zid,True,5,72,False,True,False,3,2
Sc8a56b3ec8,zid,True,5,49,False,True,False,3,2
Sc8a56b3ec8,zid,True,6,59,False,True,False,3,2
Sf88f60664a,zid,False,39,53,False,True,False,3,2
Sf88f60664a,zid,False,8,27,False,True,False,3,2
Sf88f60664a,zid,False,38,52,False,True,False,3,2
Sf88f60664a,zid,False,23,62,False,True,False,3,2
Sf88f60664a,zid,False,5,30,False,True,False,3,2
S26f7e98d17,zid,False,0,185,False,True,False,3,2
S26f7e98d17,zid,False,0,177,False,True,False,3,2
S26f7e98d17,zid,False,0,168,False,True,False,3,2
S26f7e98d17,zid,False,0,159,False,True,False,3,2
S26f7e98d17,zid,False,120,165,True,True,False,3,1
Sd836c51991,zid,False,91,144,True,True,False,3,1
Sd836c51991,zid,False,204,244,True,True,False,3,1
Sd836c51991,zid,False,70,91,True,True,False,3,1
Sd836c51991,zid,False,91,124,True,True,False,3,1
Sd836c51991,zid,False,199,218,True,True,False,3,1
S8a0f1e0a7a,zid,False,220,245,True,True,True,3,0
S8a0f1e0a7a,zid,False,396,462,True,True,True,3,0
S8a0f1e0a7a,zid,False,164,179,True,True,False,3,1
S8a0f1e0a7a,zid,False,138,159,True,True,True,3,0
S8a0f1e0a7a,zid,False,305,314,True,True,False,3,1
Sc2a985cf71,zid,False,4,15,False,True,False,3,2
Sc2a985cf71,zid,False,26,28,False,True,False,3,2
Sc2a985cf71,zid,False,43,45,True,True,False,3,1
Sc2a985cf71,zid,False,0,7,False,True,False,3,2
Sc2a985cf71,zid,False,24,32,False,True,False,3,2
S585e1bf6ed,zid,False,206,209,True,False,False,3,2
S585e1bf6ed,zid,False,234,246,True,False,False,3,2
S585e1bf6ed,zid,False,40,181,True,False,False,3,2
S585e1bf6ed,zid,False,292,321,True,False,False,3,2
S585e1bf6ed,zid,False,258,263,True,False,False,3,2
S9795de70b3,zid,True,41,461,True,False,True,3,1
S9795de70b3,zid,True,27,291,False,False,False,3,3
S9795de70b3,zid,True,93,303,True,False,True,3,1
S9795de70b3,zid,True,23,343,False,False,False,3,3
S9795de70b3,zid,True,84,254,True,False,False,3,2
S8c4abb392f,zid,False,39,89,False,False,False,3,3
S8c4abb392f,zid,False,54,102,True,False,False,3,2
S8c4abb392f,zid,False,141,171,True,False,False,3,2
S8c4abb392f,zid,False,149,182,True,False,False,3,2
S8c4abb392f,zid,False,166,181,True,False,False,3,2
S16c8b0c03e,zid,True,101,235,True,True,False,3,1
S16c8b0c03e,zid,True,23,19,False,True,False,3,2
S16c8b0c03e,zid,True,24,27,False,True,False,3,2
S16c8b0c03e,zid,True,15,34,False,True,False,3,2
S16c8b0c03e,zid,True,13,23,False,True,False,3,2
S7d6d08e60f,zid,False,396,467,True,True,True,3,0
S7d6d08e60f,zid,False,500,525,True,True,False,3,1
S7d6d08e60f,zid,False,301,344,True,True,False,3,1
S7d6d08e60f,zid,False,295,350,True,True,True,3,0
S7d6d08e60f,zid,False,297,337,True,True,False,3,1
S30dc0da727,zid,True,34,81,False,True,False,3,2
S30dc0da727,zid,True,42,127,True,True,False,3,1
S30dc0da727,zid,True,31,79,False,True,False,3,2
S30dc0da727,zid,True,35,126,False,True,False,3,2
S30dc0da727,zid,True,13,122,False,True,False,3,2
Se9f2fbd9f9,zid,False,0,5,False,True,False,3,2
Se9f2fbd9f9,zid,False,8,30,False,True,False,3,2
Se9f2fbd9f9,zid,False,5,15,False,True,False,3,2
Se9f2fbd9f9,zid,False,7,15,False,True,False,3,2
Se9f2fbd9f9,zid,False,14,16,False,True,False,3,2
Se40231802d,zid,True,92,139,True,True,False,3,1
Se40231802d,zid,True,156,237,True,True,False,3,1
Se40231802d,zid,True,19,266,False,True,False,3,2
Se40231802d,zid,True,142,223,True,True,False,3,1
Se40231802d,zid,True,18,262,False,True,False,3,2
S5890e07a9d,zid,False,168,173,True,True,False,3,1
S5890e07a9d,zid,False,134,142,True,True,False,3,1
S5890e07a9d,zid,False,154,169,True,True,False,3,1
S5890e07a9d,zid,False,28,33,False,True,False,3,2
S5890e07a9d,zid,False,138,148,True,True,False,3,1
S97f352c8f3,zid,True,22,91,False,True,False,3,2
S97f352c8f3,zid,True,4,42,False,True,False,3,2
S97f352c8f3,zid,True,4,51,False,True,False,3,2
S97f352c8f3,zid,True,4,39,False,True,False,3,2
S97f352c8f3,zid,True,4,45,False,True,False,3,2
S068baf43ad,zid,False,22,28,False,True,False,3,2
S068baf43ad,zid,False,23,46,False,True,False,3,2
S068baf43ad,zid,False,15,30,False,True,False,3,2
S068baf43ad,zid,False,25,52,False,True,False,3,2
S068baf43ad,zid,False,29,34,False,True,False,3,2
S1aab2e6037,zid,False,10,11,False,False,False,3,3
S1aab2e6037,zid,False,10,11,False,False,False,3,3
S1aab2e6037,zid,False,8,9,False,False,False,3,3
S1aab2e6037,zid,False,16,31,False,False,False,3,3
S1aab2e6037,zid,False,18,19,False,False,False,3,3
S4a337c7141,zid,False,0,24,False,False,False,3,3
S4a337c7141,zid,False,10,34,False,False,False,3,3
S4a337c7141,zid,False,0,11,False,False,False,3,3
S4a337c7141,zid,False,0,11,False,False,False,3,3
S4a337c7141,zid,False,9,17,False,False,False,3,3
Se1d936383e,zid,True,12,205,False,True,False,3,2
Se1d936383e,zid,True,21,294,False,True,False,3,2
Se1d936383e,zid,True,14,212,False,True,False,3,2
Se1d936383e,zid,True,22,93,False,True,False,3,2
Se1d936383e,zid,True,33,204,False,True,False,3,2
Sbdfc1a2231,zid,True,24,212,False,True,False,3,2
Sbdfc1a2231,zid,True,16,276,False,True,False,3,2
Sbdfc1a2231,zid,True,61,199,True,True,True,3,0
Sbdfc1a2231,zid,True,23,178,False,True,False,3,2
Sbdfc1a2231,zid,True,9,39,False,True,False,3,2
Secfbf92fda,zid,False,33,35,False,True,False,3,2
Secfbf92fda,zid,False,77,136,True,True,False,3,1
Secfbf92fda,zid,False,12,46,False,True,False,3,2
Secfbf92fda,zid,False,32,44,False,True,False,3,2
Secfbf92fda,zid,False,13,26,False,True,False,3,2
Sdd41452d13,zid,True,6,30,False,True,False,3,2
Sdd41452d13,zid,True,3,23,False,True,False,3,2
Sdd41452d13,zid,True,6,22,False,True,False,3,2
Sdd41452d13,zid,True,6,22,False,True,False,3,2
Sdd41452d13,zid,True,3,21,False,True,False,3,2
S215cf7c11d,zid,False,0,12,False,True,False,3,2
S215cf7c11d,zid,False,9,25,False,True,False,3,2
S215cf7c11d,zid,False,437,1261,True,True,False,3,1
S215cf7c11d,zid,False,30,43,False,True,False,3,2
S215cf7c11d,zid,False,34,54,False,True,False,3,2
Se602de8aad,zid,True,25,224,False,True,False,3,2
Se602de8aad,zid,True,26,355,False,True,False,3,2
Se602de8aad,zid,True,24,379,False,True,False,3,2
Se602de8aad,zid,True,23,329,False,True,False,3,2
Se602de8aad,zid,True,22,268,False,True,True,3,1
S9e77049980,zid,False,58,70,True,False,False,3,2
S9e77049980,zid,False,10,14,False,False,False,3,3
S9e77049980,zid,False,10,16,False,False,False,3,3
S9e77049980,zid,False,40,60,True,False,False,3,2
S9e77049980,zid,False,8,11,False,False,False,3,3
Sf233c943a2,zid,False,3,20,False,False,False,3,3
Sf233c943a2,zid,False,5,14,False,False,False,3,3
Sf233c943a2,zid,False,7,16,False,False,False,3,3
Sf233c943a2,zid,False,0,8,False,False,False,3,3
Sf233c943a2,zid,False,0,16,False,False,False,3,3
Sf140960b70,zid,False,44,57,True,True,False,3,1
Sf140960b70,zid,False,49,61,True,True,False,3,1
Sf140960b70,zid,False,28,36,False,True,False,3,2
Sf140960b70,zid,False,22,34,False,True,False,3,2
Sf140960b70,zid,False,29,49,False,True,False,3,2
